Id,FXY,ElementName_fr,CodeFigure,EntryName_fr,EntryName_sub1_fr,EntryName_sub2_fr,Note_fr,noteIDs,Status,translated_by
bufr4/0/01/003/0,1003,Région OMM/zone géographique,0,Antarctique,,,,,Operational,Original
bufr4/0/01/003/1,1003,Région OMM/zone géographique,1,Région I,,,,,Operational,Original
bufr4/0/01/003/2,1003,Région OMM/zone géographique,2,Région II,,,,,Operational,Original
bufr4/0/01/003/3,1003,Région OMM/zone géographique,3,Région III,,,,,Operational,Original
bufr4/0/01/003/4,1003,Région OMM/zone géographique,4,Région IV,,,,,Operational,Original
bufr4/0/01/003/5,1003,Région OMM/zone géographique,5,Région V,,,,,Operational,Original
bufr4/0/01/003/6,1003,Région OMM/zone géographique,6,Région VI,,,,,Operational,Original
bufr4/0/01/003/7,1003,Région OMM/zone géographique,7,Valeur manquante,,,,,Operational,Original
bufr4/0/01/007,1007,Indicateur d'identification du satellite (Voir la table de code commune C–5 dans la Partie C/c.),,,,,,,Operational,Original
bufr4/0/01/024/0,1024,Source des données sur la vitesse du vent,0,Aucune donnée disponible sur la vitesse du vent,,,,,Operational,Original
bufr4/0/01/024/1,1024,Source des données sur la vitesse du vent,1,Données AMSR-E,,,,,Operational,Original
bufr4/0/01/024/2,1024,Source des données sur la vitesse du vent,2,Données TMI,,,,,Operational,Original
bufr4/0/01/024/3,1024,Source des données sur la vitesse du vent,3,PNT: CEPMMT,,,,,Operational,Original
bufr4/0/01/024/4,1024,Source des données sur la vitesse du vent,4,PNT: Met Office du Royaume-Uni,,,,,Operational,Original
bufr4/0/01/024/5,1024,Source des données sur la vitesse du vent,5,PNT: NCEP,,,,,Operational,Original
bufr4/0/01/024/6,1024,Source des données sur la vitesse du vent,6,Climatologie de référence,,,,,Operational,Original
bufr4/0/01/024/7,1024,Source des données sur la vitesse du vent,7,Diffusiomètre embarqué à bord de satellites ERS,,,,,Operational,Original
bufr4/0/01/024/8-30,1024,Source des données sur la vitesse du vent,8-30,En réserve pour un usage futur,,,,,Operational,Original
bufr4/0/01/024/31,1024,Source des données sur la vitesse du vent,31,Valeur manquante,,,,,Operational,Original
bufr4/0/01/028/0,1028,Source des données sur l'épaisseur optique des aérosols,0,Aucune donnée disponible sur l'épaisseur optique des aérosols,,,,,Operational,Original
bufr4/0/01/028/1,1028,Source des données sur l'épaisseur optique des aérosols,1,NESDIS,,,,,Operational,Original
bufr4/0/01/028/2,1028,Source des données sur l'épaisseur optique des aérosols,2,NAVOCEANO,,,,,Operational,Original
bufr4/0/01/028/3,1028,Source des données sur l'épaisseur optique des aérosols,3,NAAPS,,,,,Operational,Original
bufr4/0/01/028/4,1028,Source des données sur l'épaisseur optique des aérosols,4,MERIS,,,,,Operational,Original
bufr4/0/01/028/5,1028,Source des données sur l'épaisseur optique des aérosols,5,AATSR,,,,,Operational,Original
bufr4/0/01/028/6-30,1028,Source des données sur l'épaisseur optique des aérosols,6-30,En réserve pour un usage futur,,,,,Operational,Original
bufr4/0/01/028/31,1028,Source des données sur l'épaisseur optique des aérosols,31,Valeur manquante,,,,,Operational,Original
bufr4/0/01/029/0,1029,Source des données sur le flux radiatif solaire en surface,0,Aucune donnée disponible sur ce paramètre,,,,,Operational,Original
bufr4/0/01/029/1,1029,Source des données sur le flux radiatif solaire en surface,1,MSG_SEVIRI,,,,,Operational,Original
bufr4/0/01/029/2,1029,Source des données sur le flux radiatif solaire en surface,2,GOES Est,,,,,Operational,Original
bufr4/0/01/029/3,1029,Source des données sur le flux radiatif solaire en surface,3,GOES Ouest,,,,,Operational,Original
bufr4/0/01/029/4,1029,Source des données sur le flux radiatif solaire en surface,4,CEPMMT,,,,,Operational,Original
bufr4/0/01/029/5,1029,Source des données sur le flux radiatif solaire en surface,5,NCEP,,,,,Operational,Original
bufr4/0/01/029/6,1029,Source des données sur le flux radiatif solaire en surface,6,Met Office du Royaume-Uni,,,,,Operational,Original
bufr4/0/01/029/7-30,1029,Source des données sur le flux radiatif solaire en surface,7-30,En réserve pour un usage futur,,,,,Operational,Original
bufr4/0/01/029/31,1029,Source des données sur le flux radiatif solaire en surface,31,Valeur manquante,,,,,Operational,Original
bufr4/0/01/031,1031,Identification du centre d'origine/de production (Voir la table de code commune C–1 dans la Partie C/c.),,,,,,,Operational,Original
bufr4/0/01/033,1033,Identification du centre d'origine/de production (Voir la table de code commune C–1 dans la Partie C/c.),,,,,,,Operational,Original
bufr4/0/01/034,1034,Identification du centre secondaire d'origine/de production (à définir par les centres proprement dits) (Voir la table de code commune C–12 dans la Partie C/c.),,,,,,,Operational,Original
bufr4/0/01/036/0-36000,1036,Organisme chargé de la mise en œuvre de la plate-forme d'observation (Les trois premiers chiffres représentent le code ISO du pays),0-36000,En réserve,,,,,Operational,Original
bufr4/0/01/036/36001,1036,Organisme chargé de la mise en œuvre de la plate-forme d'observation (Les trois premiers chiffres représentent le code ISO du pays),36001,"Australie, Bureau of Meteorology (BOM)",,,,,Operational,Original
bufr4/0/01/036/36002,1036,Organisme chargé de la mise en œuvre de la plate-forme d'observation (Les trois premiers chiffres représentent le code ISO du pays),36002,"Australie, Joint Australian Facility for Ocean Observing Systems (JAFOOS)",,,,,Operational,Original
bufr4/0/01/036/36003,1036,Organisme chargé de la mise en œuvre de la plate-forme d'observation (Les trois premiers chiffres représentent le code ISO du pays),36003,"Australie, the Commonwealth Scientific and Industrial Research Organization (CSIRO)",,,,,Operational,Original
bufr4/0/01/036/36004-124000,1036,Organisme chargé de la mise en œuvre de la plate-forme d'observation (Les trois premiers chiffres représentent le code ISO du pays),36004-124000,En réserve,,,,,Operational,Original
bufr4/0/01/036/124001,1036,Organisme chargé de la mise en œuvre de la plate-forme d'observation (Les trois premiers chiffres représentent le code ISO du pays),124001,"Canada, Marine Environmental Data Service (MEDS)",,,,,Operational,Original
bufr4/0/01/036/124002,1036,Organisme chargé de la mise en œuvre de la plate-forme d'observation (Les trois premiers chiffres représentent le code ISO du pays),124002,"Canada, Institute of Ocean Sciences (IOS)",,,,,Operational,Original
bufr4/0/01/036/124003-124172,1036,Organisme chargé de la mise en œuvre de la plate-forme d'observation (Les trois premiers chiffres représentent le code ISO du pays),124003-124172,En réserve,,,,,Operational,Original
bufr4/0/01/036/124173,1036,Organisme chargé de la mise en œuvre de la plate-forme d'observation (Les trois premiers chiffres représentent le code ISO du pays),124173,"Canada, Environnement Canada",,,,,Operational,Original
bufr4/0/01/036/124174,1036,Organisme chargé de la mise en œuvre de la plate-forme d'observation (Les trois premiers chiffres représentent le code ISO du pays),124174,"Canada, Ministère de la défense nationale",,,,,Operational,Original
bufr4/0/01/036/124175,1036,Organisme chargé de la mise en œuvre de la plate-forme d'observation (Les trois premiers chiffres représentent le code ISO du pays),124175,"Canada, Nav Canada",,,,,Operational,Original
bufr4/0/01/036/124176-156000,1036,Organisme chargé de la mise en œuvre de la plate-forme d'observation (Les trois premiers chiffres représentent le code ISO du pays),124176-156000,En réserve,,,,,Operational,Original
bufr4/0/01/036/156001,1036,Organisme chargé de la mise en œuvre de la plate-forme d'observation (Les trois premiers chiffres représentent le code ISO du pays),156001,"Chine, The State Oceanic Administration",,,,,Operational,Original
bufr4/0/01/036/156002,1036,Organisme chargé de la mise en œuvre de la plate-forme d'observation (Les trois premiers chiffres représentent le code ISO du pays),156002,"Chine, Second Institute of Oceanography, State Oceanic Administration",,,,,Operational,Original
bufr4/0/01/036/156003,1036,Organisme chargé de la mise en œuvre de la plate-forme d'observation (Les trois premiers chiffres représentent le code ISO du pays),156003,"Chine, Institute of Ocean Technology",,,,,Operational,Original
bufr4/0/01/036/156004-250000,1036,Organisme chargé de la mise en œuvre de la plate-forme d'observation (Les trois premiers chiffres représentent le code ISO du pays),156004-250000,En réserve,,,,,Operational,Original
bufr4/0/01/036/250001,1036,Organisme chargé de la mise en œuvre de la plate-forme d'observation (Les trois premiers chiffres représentent le code ISO du pays),250001,"France, Institut de recherche pour le développement (IRD)",,,,,Operational,Original
bufr4/0/01/036/250002,1036,Organisme chargé de la mise en œuvre de la plate-forme d'observation (Les trois premiers chiffres représentent le code ISO du pays),250002,"France, Institut français de recherche pour l'exploitation de la mer (IFREMER)",,,,,Operational,Original
bufr4/0/01/036/250003-276000,1036,Organisme chargé de la mise en œuvre de la plate-forme d'observation (Les trois premiers chiffres représentent le code ISO du pays),250003-276000,En réserve,,,,,Operational,Original
bufr4/0/01/036/276001,1036,Organisme chargé de la mise en œuvre de la plate-forme d'observation (Les trois premiers chiffres représentent le code ISO du pays),276001,"Allemagne, Bundesamt fuer Seeschiffahrt und Hydrographie (BSH)",,,,,Operational,Original
bufr4/0/01/036/276002,1036,Organisme chargé de la mise en œuvre de la plate-forme d'observation (Les trois premiers chiffres représentent le code ISO du pays),276002,"Allemagne, Institut fuer Meereskunde, Kiel",,,,,Operational,Original
bufr4/0/01/036/276003-356000,1036,Organisme chargé de la mise en œuvre de la plate-forme d'observation (Les trois premiers chiffres représentent le code ISO du pays),276003-356000,En réserve,,,,,Operational,Original
bufr4/0/01/036/356001,1036,Organisme chargé de la mise en œuvre de la plate-forme d'observation (Les trois premiers chiffres représentent le code ISO du pays),356001,"Inde, National Institute of Oceanography (NIO)",,,,,Operational,Original
bufr4/0/01/036/356002,1036,Organisme chargé de la mise en œuvre de la plate-forme d'observation (Les trois premiers chiffres représentent le code ISO du pays),356002,"Inde, National Institute for Ocean Technology (NIOT)",,,,,Operational,Original
bufr4/0/01/036/356003,1036,Organisme chargé de la mise en œuvre de la plate-forme d'observation (Les trois premiers chiffres représentent le code ISO du pays),356003,"Inde, National Centre for Ocean Information Service",,,,,Operational,Original
bufr4/0/01/036/356004-392000,1036,Organisme chargé de la mise en œuvre de la plate-forme d'observation (Les trois premiers chiffres représentent le code ISO du pays),356004-392000,En réserve,,,,,Operational,Original
bufr4/0/01/036/392001,1036,Organisme chargé de la mise en œuvre de la plate-forme d'observation (Les trois premiers chiffres représentent le code ISO du pays),392001,"Japon, Japan Meteorological Agency (JMA)",,,,,Operational,Original
bufr4/0/01/036/392002,1036,Organisme chargé de la mise en œuvre de la plate-forme d'observation (Les trois premiers chiffres représentent le code ISO du pays),392002,"Japon, Frontier Observational Research System for Global Change",,,,,Operational,Original
bufr4/0/01/036/392003,1036,Organisme chargé de la mise en œuvre de la plate-forme d'observation (Les trois premiers chiffres représentent le code ISO du pays),392003,"Japon, Japan Marine Science and Technology Centre (JAMSTEC)",,,,,Operational,Original
bufr4/0/01/036/392004-410000,1036,Organisme chargé de la mise en œuvre de la plate-forme d'observation (Les trois premiers chiffres représentent le code ISO du pays),392004-410000,En réserve,,,,,Operational,Original
bufr4/0/01/036/410001,1036,Organisme chargé de la mise en œuvre de la plate-forme d'observation (Les trois premiers chiffres représentent le code ISO du pays),410001,"République de Corée, Seoul National University",,,,,Operational,Original
bufr4/0/01/036/410002,1036,Organisme chargé de la mise en œuvre de la plate-forme d'observation (Les trois premiers chiffres représentent le code ISO du pays),410002,"République de Corée, Korea Ocean Research and Development Institute (KORDI)",,,,,Operational,Original
bufr4/0/01/036/410003,1036,Organisme chargé de la mise en œuvre de la plate-forme d'observation (Les trois premiers chiffres représentent le code ISO du pays),410003,"République de Corée, Meteorological Research Institute",,,,,Operational,Original
bufr4/0/01/036/410004-540000,1036,Organisme chargé de la mise en œuvre de la plate-forme d'observation (Les trois premiers chiffres représentent le code ISO du pays),410004-540000,En réserve,,,,,Operational,Original
bufr4/0/01/036/540001,1036,Organisme chargé de la mise en œuvre de la plate-forme d'observation (Les trois premiers chiffres représentent le code ISO du pays),540001,"Nouvelle-Calédonie, Institut de recherche pour le développement (IRD)",,,,,Operational,Original
bufr4/0/01/036/540002-554000,1036,Organisme chargé de la mise en œuvre de la plate-forme d'observation (Les trois premiers chiffres représentent le code ISO du pays),540002-554000,En réserve,,,,,Operational,Original
bufr4/0/01/036/554001,1036,Organisme chargé de la mise en œuvre de la plate-forme d'observation (Les trois premiers chiffres représentent le code ISO du pays),554001,"Nouvelle-Zélande, National Institute of Water and Atmospheric Research (NIWA)",,,,,Operational,Original
bufr4/0/01/036/554002-643000,1036,Organisme chargé de la mise en œuvre de la plate-forme d'observation (Les trois premiers chiffres représentent le code ISO du pays),554002-643000,En réserve,,,,,Operational,Original
bufr4/0/01/036/643001,1036,Organisme chargé de la mise en œuvre de la plate-forme d'observation (Les trois premiers chiffres représentent le code ISO du pays),643001,"Russie, State Oceanographic Institute of Roshydromet",,,,,Operational,Original
bufr4/0/01/036/643002,1036,Organisme chargé de la mise en œuvre de la plate-forme d'observation (Les trois premiers chiffres représentent le code ISO du pays),643002,"Russie, Federal Service for Hydrometeorology and Environmental Monitoring",,,,,Operational,Original
bufr4/0/01/036/643003-724000,1036,Organisme chargé de la mise en œuvre de la plate-forme d'observation (Les trois premiers chiffres représentent le code ISO du pays),643003-724000,En réserve,,,,,Operational,Original
bufr4/0/01/036/724001,1036,Organisme chargé de la mise en œuvre de la plate-forme d'observation (Les trois premiers chiffres représentent le code ISO du pays),724001,"Espagne, Instituto Español de Oceanografía",,,,,Operational,Original
bufr4/0/01/036/724002-826000,1036,Organisme chargé de la mise en œuvre de la plate-forme d'observation (Les trois premiers chiffres représentent le code ISO du pays),724002-826000,En réserve,,,,,Operational,Original
bufr4/0/01/036/826001,1036,Organisme chargé de la mise en œuvre de la plate-forme d'observation (Les trois premiers chiffres représentent le code ISO du pays),826001,"Royaume-Uni, Hydrographic Office",,,,,Operational,Original
bufr4/0/01/036/826002,1036,Organisme chargé de la mise en œuvre de la plate-forme d'observation (Les trois premiers chiffres représentent le code ISO du pays),826002,"Royaume-Uni, Southampton Oceanography Centre (SOC)",,,,,Operational,Original
bufr4/0/01/036/826003-840000,1036,Organisme chargé de la mise en œuvre de la plate-forme d'observation (Les trois premiers chiffres représentent le code ISO du pays),826003-840000,En réserve,,,,,Operational,Original
bufr4/0/01/036/840001,1036,Organisme chargé de la mise en œuvre de la plate-forme d'observation (Les trois premiers chiffres représentent le code ISO du pays),840001,"États-Unis, NOAA Atlantic Oceanographic and Meteorological Laboratories (AOML)",,,,,Operational,Original
bufr4/0/01/036/840002,1036,Organisme chargé de la mise en œuvre de la plate-forme d'observation (Les trois premiers chiffres représentent le code ISO du pays),840002,"États-Unis, NOAA Pacific Marine Environmental Laboratories (PMEL)",,,,,Operational,Original
bufr4/0/01/036/840003,1036,Organisme chargé de la mise en œuvre de la plate-forme d'observation (Les trois premiers chiffres représentent le code ISO du pays),840003,"États-Unis, Scripps Institution of Oceanography (SIO)",,,,,Operational,Original
bufr4/0/01/036/840004,1036,Organisme chargé de la mise en œuvre de la plate-forme d'observation (Les trois premiers chiffres représentent le code ISO du pays),840004,"États-Unis, Woods Hole Oceanographic Institution (WHOI)",,,,,Operational,Original
bufr4/0/01/036/840005,1036,Organisme chargé de la mise en œuvre de la plate-forme d'observation (Les trois premiers chiffres représentent le code ISO du pays),840005,"États-Unis, University of Washington",,,,,Operational,Original
bufr4/0/01/036/840006,1036,Organisme chargé de la mise en œuvre de la plate-forme d'observation (Les trois premiers chiffres représentent le code ISO du pays),840006,"États-Unis, Naval Oceanographic Office",,,,,Operational,Original
bufr4/0/01/036/840007-1048574,1036,Organisme chargé de la mise en œuvre de la plate-forme d'observation (Les trois premiers chiffres représentent le code ISO du pays),840007-1048574,En réserve,,,,,Operational,Original
bufr4/0/01/036/1048575,1036,Organisme chargé de la mise en œuvre de la plate-forme d'observation (Les trois premiers chiffres représentent le code ISO du pays),1048575,Valeur manquante,,,,,Operational,Original
bufr4/0/01/038/0,1038,Source des données sur la fraction de glace de mer,0,Aucun jeu de données sur les glaces de mer 1992),,,,,Operational,Original
bufr4/0/01/038/1,1038,Source des données sur la fraction de glace de mer,1,Produits SSM/I du NSIDC (Cavalieri et al. 1992),,,,,Operational,Original
bufr4/0/01/038/2,1038,Source des données sur la fraction de glace de mer,2,AMSR-E,,,,,Operational,Original
bufr4/0/01/038/3,1038,Source des données sur la fraction de glace de mer,3,CEPMMT,,,,,Operational,Original
bufr4/0/01/038/4,1038,Source des données sur la fraction de glace de mer,4,Masque de nuages du CMS (France) utilisé dans le cadre du projet Medspiration,,,,,Operational,Original
bufr4/0/01/038/5,1038,Source des données sur la fraction de glace de mer,5,SAF OSI d'EUMETSAT,,,,,Operational,Original
bufr4/0/01/038/6-30,1038,Source des données sur la fraction de glace de mer,6-30,En réserve pour un usage futur,,,,,Operational,Original
bufr4/0/01/038/31,1038,Source des données sur la fraction de glace de mer,31,Valeur manquante,,,,,Operational,Original
bufr4/0/01/044/0,1044,Application de production standard,0,En réserve,,,,,Operational,Original
bufr4/0/01/044/1,1044,Application de production standard,1,Association intégralement pondérée de contrôles individuels de la qualité,,,,,Operational,Original
bufr4/0/01/044/2,1044,Application de production standard,2,"Association pondérée de contrôles individuels, à l'exclusion de la comparaison de prévisions",,,,,Operational,Original
bufr4/0/01/044/3,1044,Application de production standard,3,Fonction de filtre récursif,,,,,Operational,Original
bufr4/0/01/044/4,1044,Application de production standard,4,Indice de qualité commun sans prévision,,,,,Operational,Original
bufr4/0/01/044/5,1044,Application de production standard,5,Indice de qualité sans prévision,,,,,Operational,Original
bufr4/0/01/044/6,1044,Application de production standard,6,Indice de qualité avec prévision,,,,,Operational,Original
bufr4/0/01/044/7,1044,Application de production standard,7,Erreur estimative en m/s convertie en degré de confiance (pourcentage),,,,,Operational,Original
bufr4/0/01/044/8-254,1044,Application de production standard,8-254,En réserve,,,,,Operational,Original
bufr4/0/01/044/255,1044,Application de production standard,255,Valeur manquante,,,,,Operational,Original
bufr4/0/01/052/0,1052,Indicateur d'identification de l'émetteur de la plate-forme,0,Primaire,,,,,Operational,Original
bufr4/0/01/052/1,1052,Indicateur d'identification de l'émetteur de la plate-forme,1,Secondaire,,,,,Operational,Original
bufr4/0/01/052/2,1052,Indicateur d'identification de l'émetteur de la plate-forme,2,En réserve,,,,,Operational,Original
bufr4/0/01/052/3,1052,Indicateur d'identification de l'émetteur de la plate-forme,3,Valeur manquante,,,,,Operational,Original
bufr4/0/01/090/0,1090,Technique d'établissement des perturbations initiales,0,Prévision moyenne à décalage,,,,,Operational,Original
bufr4/0/01/090/1,1090,Technique d'établissement des perturbations initiales,1,Méthode «d'élevage»,,,,,Operational,Original
bufr4/0/01/090/2,1090,Technique d'établissement des perturbations initiales,2,Vecteurs singuliers,,,,,Operational,Original
bufr4/0/01/090/3,1090,Technique d'établissement des perturbations initiales,3,Cycles d'analyses multiples,,,,,Operational,Original
bufr4/0/01/090/4-191,1090,Technique d'établissement des perturbations initiales,4-191,En réserve,,,,,Operational,Original
bufr4/0/01/090/192-254,1090,Technique d'établissement des perturbations initiales,192-254,En réserve pour un usage local,,,,,Operational,Original
bufr4/0/01/090/255,1090,Technique d'établissement des perturbations initiales,255,Valeur manquante,,,,,Operational,Original
bufr4/0/01/092/0,1092,Type de la prévision d'ensemble,0,Prévision de contrôle à haute résolution sans «perturbation»,,,,,Operational,Original
bufr4/0/01/092/1,1092,Type de la prévision d'ensemble,1,Prévision de contrôle à basse résolution sans «perturbation»,,,,,Operational,Original
bufr4/0/01/092/2,1092,Type de la prévision d'ensemble,2,Prévision avec «perturbation» négative,,,,,Operational,Original
bufr4/0/01/092/3,1092,Type de la prévision d'ensemble,3,Prévision avec «perturbation» positive,,,,,Operational,Original
bufr4/0/01/092/4-191,1092,Type de la prévision d'ensemble,4-191,En réserve,,,,,Operational,Original
bufr4/0/01/092/192-254,1092,Type de la prévision d'ensemble,192-254,En réserve pour un usage local,,,,,Operational,Original
bufr4/0/01/092/255,1092,Type de la prévision d'ensemble,255,Valeur manquante,,,,,Operational,Original
bufr4/0/01/101/0-99,1101,Indicateur d'identification d'État,0-99,En réserve,,,,,Operational,Original
bufr4/0/01/101/100,1101,Indicateur d'identification d'État,100,Algérie,,,,,Operational,Original
bufr4/0/01/101/101,1101,Indicateur d'identification d'État,101,Angola,,,,,Operational,Original
bufr4/0/01/101/102,1101,Indicateur d'identification d'État,102,Bénin,,,,,Operational,Original
bufr4/0/01/101/103,1101,Indicateur d'identification d'État,103,Botswana,,,,,Operational,Original
bufr4/0/01/101/104,1101,Indicateur d'identification d'État,104,Burkina Faso,,,,,Operational,Original
bufr4/0/01/101/105,1101,Indicateur d'identification d'État,105,Burundi,,,,,Operational,Original
bufr4/0/01/101/106,1101,Indicateur d'identification d'État,106,Cameroun,,,,,Operational,Original
bufr4/0/01/101/107,1101,Indicateur d'identification d'État,107,Cabo Verde,,,,,Operational,Original
bufr4/0/01/101/108,1101,Indicateur d'identification d'État,108,République centrafricaine,,,,,Operational,Original
bufr4/0/01/101/109,1101,Indicateur d'identification d'État,109,Tchad,,,,,Operational,Original
bufr4/0/01/101/110,1101,Indicateur d'identification d'État,110,Comores,,,,,Operational,Original
bufr4/0/01/101/111,1101,Indicateur d'identification d'État,111,Congo,,,,,Operational,Original
bufr4/0/01/101/112,1101,Indicateur d'identification d'État,112,Côte d'Ivoire,,,,,Operational,Original
bufr4/0/01/101/113,1101,Indicateur d'identification d'État,113,République démocratique du Congo,,,,,Operational,Original
bufr4/0/01/101/114,1101,Indicateur d'identification d'État,114,Djibouti,,,,,Operational,Original
bufr4/0/01/101/115,1101,Indicateur d'identification d'État,115,Égypte,,,,,Operational,Original
bufr4/0/01/101/116,1101,Indicateur d'identification d'État,116,Érythrée,,,,,Operational,Original
bufr4/0/01/101/117,1101,Indicateur d'identification d'État,117,Éthiopie,,,,,Operational,Original
bufr4/0/01/101/118,1101,Indicateur d'identification d'État,118,France (CR I),,,,,Operational,Original
bufr4/0/01/101/119,1101,Indicateur d'identification d'État,119,Gabon,,,,,Operational,Original
bufr4/0/01/101/120,1101,Indicateur d'identification d'État,120,Gambie,,,,,Operational,Original
bufr4/0/01/101/121,1101,Indicateur d'identification d'État,121,Ghana,,,,,Operational,Original
bufr4/0/01/101/122,1101,Indicateur d'identification d'État,122,Guinée,,,,,Operational,Original
bufr4/0/01/101/123,1101,Indicateur d'identification d'État,123,Guinée-Bissau,,,,,Operational,Original
bufr4/0/01/101/124,1101,Indicateur d'identification d'État,124,Kenya,,,,,Operational,Original
bufr4/0/01/101/125,1101,Indicateur d'identification d'État,125,Lesotho,,,,,Operational,Original
bufr4/0/01/101/126,1101,Indicateur d'identification d'État,126,Libéria,,,,,Operational,Original
bufr4/0/01/101/127,1101,Indicateur d'identification d'État,127,Libye,,,,,Operational,Original
bufr4/0/01/101/128,1101,Indicateur d'identification d'État,128,Madagascar,,,,,Operational,Original
bufr4/0/01/101/129,1101,Indicateur d'identification d'État,129,Malawi,,,,,Operational,Original
bufr4/0/01/101/130,1101,Indicateur d'identification d'État,130,Mali,,,,,Operational,Original
bufr4/0/01/101/131,1101,Indicateur d'identification d'État,131,Mauritanie,,,,,Operational,Original
bufr4/0/01/101/132,1101,Indicateur d'identification d'État,132,Maurice,,,,,Operational,Original
bufr4/0/01/101/133,1101,Indicateur d'identification d'État,133,Maroc,,,,,Operational,Original
bufr4/0/01/101/134,1101,Indicateur d'identification d'État,134,Mozambique,,,,,Operational,Original
bufr4/0/01/101/135,1101,Indicateur d'identification d'État,135,Namibie,,,,,Operational,Original
bufr4/0/01/101/136,1101,Indicateur d'identification d'État,136,Niger,,,,,Operational,Original
bufr4/0/01/101/137,1101,Indicateur d'identification d'État,137,Nigéria,,,,,Operational,Original
bufr4/0/01/101/138,1101,Indicateur d'identification d'État,138,Portugal (CR I),,,,,Operational,Original
bufr4/0/01/101/139,1101,Indicateur d'identification d'État,139,Rwanda,,,,,Operational,Original
bufr4/0/01/101/140,1101,Indicateur d'identification d'État,140,Sao Tomé-et-Principe,,,,,Operational,Original
bufr4/0/01/101/141,1101,Indicateur d'identification d'État,141,Sénégal,,,,,Operational,Original
bufr4/0/01/101/142,1101,Indicateur d'identification d'État,142,Seychelles,,,,,Operational,Original
bufr4/0/01/101/143,1101,Indicateur d'identification d'État,143,Sierra Leone,,,,,Operational,Original
bufr4/0/01/101/144,1101,Indicateur d'identification d'État,144,Somalie,,,,,Operational,Original
bufr4/0/01/101/145,1101,Indicateur d'identification d'État,145,Afrique du Sud,,,,,Operational,Original
bufr4/0/01/101/146,1101,Indicateur d'identification d'État,146,Espagne (CR I),,,,,Operational,Original
bufr4/0/01/101/147,1101,Indicateur d'identification d'État,147,Soudan,,,,,Operational,Original
bufr4/0/01/101/148,1101,Indicateur d'identification d'État,148,Eswatini,,,,,Operational,Original
bufr4/0/01/101/149,1101,Indicateur d'identification d'État,149,Togo,,,,,Operational,Original
bufr4/0/01/101/150,1101,Indicateur d'identification d'État,150,Tunisie,,,,,Operational,Original
bufr4/0/01/101/151,1101,Indicateur d'identification d'État,151,Ouganda,,,,,Operational,Original
bufr4/0/01/101/152,1101,Indicateur d'identification d'État,152,Royaume-Uni de Grande-Bretagne et d'Irlande du Nord (CR I),,,,,Operational,Original
bufr4/0/01/101/153,1101,Indicateur d'identification d'État,153,République-Unie de Tanzanie,,,,,Operational,Original
bufr4/0/01/101/154,1101,Indicateur d'identification d'État,154,Zambie,,,,,Operational,Original
bufr4/0/01/101/155,1101,Indicateur d'identification d'État,155,Zimbabwe,,,,,Operational,Original
bufr4/0/01/101/156-199,1101,Indicateur d'identification d'État,156-199,En réserve pour la Région I (Afrique),,,,,Operational,Original
bufr4/0/01/101/200,1101,Indicateur d'identification d'État,200,Afghanistan,,,,,Operational,Original
bufr4/0/01/101/201,1101,Indicateur d'identification d'État,201,Bahreïn,,,,,Operational,Original
bufr4/0/01/101/202,1101,Indicateur d'identification d'État,202,Bangladesh,,,,,Operational,Original
bufr4/0/01/101/203,1101,Indicateur d'identification d'État,203,Bhoutan,,,,,Operational,Original
bufr4/0/01/101/204,1101,Indicateur d'identification d'État,204,Cambodge,,,,,Operational,Original
bufr4/0/01/101/205,1101,Indicateur d'identification d'État,205,Chine,,,,,Operational,Original
bufr4/0/01/101/206,1101,Indicateur d'identification d'État,206,République populaire démocratique de Corée,,,,,Operational,Original
bufr4/0/01/101/207,1101,Indicateur d'identification d'État,207,"Hong Kong, Chine",,,,,Operational,Original
bufr4/0/01/101/208,1101,Indicateur d'identification d'État,208,Inde,,,,,Operational,Original
bufr4/0/01/101/209,1101,Indicateur d'identification d'État,209,"Iran, République islamique d'",,,,,Operational,Original
bufr4/0/01/101/210,1101,Indicateur d'identification d'État,210,Iraq,,,,,Operational,Original
bufr4/0/01/101/211,1101,Indicateur d'identification d'État,211,Japon,,,,,Operational,Original
bufr4/0/01/101/212,1101,Indicateur d'identification d'État,212,Kazakhstan,,,,,Operational,Original
bufr4/0/01/101/213,1101,Indicateur d'identification d'État,213,Koweït,,,,,Operational,Original
bufr4/0/01/101/214,1101,Indicateur d'identification d'État,214,Kirghizistan,,,,,Operational,Original
bufr4/0/01/101/215,1101,Indicateur d'identification d'État,215,République démocratique populaire lao,,,,,Operational,Original
bufr4/0/01/101/216,1101,Indicateur d'identification d'État,216,"Macao, Chine",,,,,Operational,Original
bufr4/0/01/101/217,1101,Indicateur d'identification d'État,217,Maldives,,,,,Operational,Original
bufr4/0/01/101/218,1101,Indicateur d'identification d'État,218,Mongolie,,,,,Operational,Original
bufr4/0/01/101/219,1101,Indicateur d'identification d'État,219,Myanmar,,,,,Operational,Original
bufr4/0/01/101/220,1101,Indicateur d'identification d'État,220,Népal,,,,,Operational,Original
bufr4/0/01/101/221,1101,Indicateur d'identification d'État,221,Oman,,,,,Operational,Original
bufr4/0/01/101/222,1101,Indicateur d'identification d'État,222,Pakistan,,,,,Operational,Original
bufr4/0/01/101/223,1101,Indicateur d'identification d'État,223,Qatar,,,,,Operational,Original
bufr4/0/01/101/224,1101,Indicateur d'identification d'État,224,République de Corée,,,,,Operational,Original
bufr4/0/01/101/225,1101,Indicateur d'identification d'État,225,République du Yémen,,,,,Operational,Original
bufr4/0/01/101/226,1101,Indicateur d'identification d'État,226,Fédération de Russie (CR II),,,,,Operational,Original
bufr4/0/01/101/227,1101,Indicateur d'identification d'État,227,Arabie saoudite,,,,,Operational,Original
bufr4/0/01/101/228,1101,Indicateur d'identification d'État,228,Sri Lanka,,,,,Operational,Original
bufr4/0/01/101/229,1101,Indicateur d'identification d'État,229,Tadjikistan,,,,,Operational,Original
bufr4/0/01/101/230,1101,Indicateur d'identification d'État,230,Thaïlande,,,,,Operational,Original
bufr4/0/01/101/231,1101,Indicateur d'identification d'État,231,Turkménistan,,,,,Operational,Original
bufr4/0/01/101/232,1101,Indicateur d'identification d'État,232,Émirats arabes unis,,,,,Operational,Original
bufr4/0/01/101/233,1101,Indicateur d'identification d'État,233,Ouzbékistan,,,,,Operational,Original
bufr4/0/01/101/234,1101,Indicateur d'identification d'État,234,Viet Nam,,,,,Operational,Original
bufr4/0/01/101/235-299,1101,Indicateur d'identification d'État,235-299,En réserve pour la Région II (Asie),,,,,Operational,Original
bufr4/0/01/101/300,1101,Indicateur d'identification d'État,300,Argentine,,,,,Operational,Original
bufr4/0/01/101/301,1101,Indicateur d'identification d'État,301,"Bolivie, État plurinational de",,,,,Operational,Original
bufr4/0/01/101/302,1101,Indicateur d'identification d'État,302,Brésil,,,,,Operational,Original
bufr4/0/01/101/303,1101,Indicateur d'identification d'État,303,Chili,,,,,Operational,Original
bufr4/0/01/101/304,1101,Indicateur d'identification d'État,304,Colombie,,,,,Operational,Original
bufr4/0/01/101/305,1101,Indicateur d'identification d'État,305,Équateur,,,,,Operational,Original
bufr4/0/01/101/306,1101,Indicateur d'identification d'État,306,France (CR III),,,,,Operational,Original
bufr4/0/01/101/307,1101,Indicateur d'identification d'État,307,Guyana,,,,,Operational,Original
bufr4/0/01/101/308,1101,Indicateur d'identification d'État,308,Paraguay,,,,,Operational,Original
bufr4/0/01/101/309,1101,Indicateur d'identification d'État,309,Pérou,,,,,Operational,Original
bufr4/0/01/101/310,1101,Indicateur d'identification d'État,310,Suriname,,,,,Operational,Original
bufr4/0/01/101/311,1101,Indicateur d'identification d'État,311,Uruguay,,,,,Operational,Original
bufr4/0/01/101/312,1101,Indicateur d'identification d'État,312,"Venezuela, République bolivarienne du",,,,,Operational,Original
bufr4/0/01/101/313-399,1101,Indicateur d'identification d'État,313-399,En réserve pour la Région III (Amérique du Sud),,,,,Operational,Original
bufr4/0/01/101/400,1101,Indicateur d'identification d'État,400,Antigua-et-Barbuda,,,,,Operational,Original
bufr4/0/01/101/401,1101,Indicateur d'identification d'État,401,Bahamas,,,,,Operational,Original
bufr4/0/01/101/402,1101,Indicateur d'identification d'État,402,Barbade,,,,,Operational,Original
bufr4/0/01/101/403,1101,Indicateur d'identification d'État,403,Belize,,,,,Operational,Original
bufr4/0/01/101/404,1101,Indicateur d'identification d'État,404,Territoires britanniques des Caraïbes,,,,,Operational,Original
bufr4/0/01/101/405,1101,Indicateur d'identification d'État,405,Canada,,,,,Operational,Original
bufr4/0/01/101/406,1101,Indicateur d'identification d'État,406,Colombie,,,,,Operational,Original
bufr4/0/01/101/407,1101,Indicateur d'identification d'État,407,Costa Rica,,,,,Operational,Original
bufr4/0/01/101/408,1101,Indicateur d'identification d'État,408,Cuba,,,,,Operational,Original
bufr4/0/01/101/409,1101,Indicateur d'identification d'État,409,Dominique,,,,,Operational,Original
bufr4/0/01/101/410,1101,Indicateur d'identification d'État,410,République dominicaine,,,,,Operational,Original
bufr4/0/01/101/411,1101,Indicateur d'identification d'État,411,El Salvador,,,,,Operational,Original
bufr4/0/01/101/412,1101,Indicateur d'identification d'État,412,France (CR IV),,,,,Operational,Original
bufr4/0/01/101/413,1101,Indicateur d'identification d'État,413,Guatemala,,,,,Operational,Original
bufr4/0/01/101/414,1101,Indicateur d'identification d'État,414,Haïti,,,,,Operational,Original
bufr4/0/01/101/415,1101,Indicateur d'identification d'État,415,Honduras,,,,,Operational,Original
bufr4/0/01/101/416,1101,Indicateur d'identification d'État,416,Jamaïque,,,,,Operational,Original
bufr4/0/01/101/417,1101,Indicateur d'identification d'État,417,Mexique,,,,,Operational,Original
bufr4/0/01/101/418,1101,Indicateur d'identification d'État,418,Curaçao et Sint-Maarten,,,,,Operational,Original
bufr4/0/01/101/419,1101,Indicateur d'identification d'État,419,Nicaragua,,,,,Operational,Original
bufr4/0/01/101/420,1101,Indicateur d'identification d'État,420,Panama,,,,,Operational,Original
bufr4/0/01/101/421,1101,Indicateur d'identification d'État,421,Sainte-Lucie,,,,,Operational,Original
bufr4/0/01/101/422,1101,Indicateur d'identification d'État,422,Trinité-et-Tobago,,,,,Operational,Original
bufr4/0/01/101/423,1101,Indicateur d'identification d'État,423,Royaume-Uni de Grande-Bretagne et d'Irlande du Nord (CR IV),,,,,Operational,Original
bufr4/0/01/101/424,1101,Indicateur d'identification d'État,424,États-Unis d'Amérique (CR IV),,,,,Operational,Original
bufr4/0/01/101/425,1101,Indicateur d'identification d'État,425,"Venezuela, République bolivarienne du",,,,,Operational,Original
bufr4/0/01/101/426-499,1101,Indicateur d'identification d'État,426-499,"En réserve pour la Région IV (Amérique du Nord, Amérique centrale et Caraïbes)",,,,,Operational,Original
bufr4/0/01/101/500,1101,Indicateur d'identification d'État,500,Australie,,,,,Operational,Original
bufr4/0/01/101/501,1101,Indicateur d'identification d'État,501,Brunéi Darussalam,,,,,Operational,Original
bufr4/0/01/101/502,1101,Indicateur d'identification d'État,502,Îles Cook,,,,,Operational,Original
bufr4/0/01/101/503,1101,Indicateur d'identification d'État,503,Fidji,,,,,Operational,Original
bufr4/0/01/101/504,1101,Indicateur d'identification d'État,504,Polynésie française,,,,,Operational,Original
bufr4/0/01/101/505,1101,Indicateur d'identification d'État,505,Indonésie,,,,,Operational,Original
bufr4/0/01/101/506,1101,Indicateur d'identification d'État,506,Kiribati,,,,,Operational,Original
bufr4/0/01/101/507,1101,Indicateur d'identification d'État,507,Malaisie,,,,,Operational,Original
bufr4/0/01/101/508,1101,Indicateur d'identification d'État,508,"Micronésie, États fédérés de",,,,,Operational,Original
bufr4/0/01/101/509,1101,Indicateur d'identification d'État,509,Nouvelle-Calédonie,,,,,Operational,Original
bufr4/0/01/101/510,1101,Indicateur d'identification d'État,510,Nouvelle-Zélande,,,,,Operational,Original
bufr4/0/01/101/511,1101,Indicateur d'identification d'État,511,Nioué,,,,,Operational,Original
bufr4/0/01/101/512,1101,Indicateur d'identification d'État,512,Papouasie-Nouvelle-Guinée,,,,,Operational,Original
bufr4/0/01/101/513,1101,Indicateur d'identification d'État,513,Philippines,,,,,Operational,Original
bufr4/0/01/101/514,1101,Indicateur d'identification d'État,514,Samoa,,,,,Operational,Original
bufr4/0/01/101/515,1101,Indicateur d'identification d'État,515,Singapour,,,,,Operational,Original
bufr4/0/01/101/516,1101,Indicateur d'identification d'État,516,Îles Salomon,,,,,Operational,Original
bufr4/0/01/101/517,1101,Indicateur d'identification d'État,517,Tonga,,,,,Operational,Original
bufr4/0/01/101/518,1101,Indicateur d'identification d'État,518,Royaume-Uni de Grande-Bretagne et d'Irlande du Nord (CR V),,,,,Operational,Original
bufr4/0/01/101/519,1101,Indicateur d'identification d'État,519,États-Unis d'Amérique (CR V),,,,,Operational,Original
bufr4/0/01/101/520,1101,Indicateur d'identification d'État,520,Vanuatu,,,,,Operational,Original
bufr4/0/01/101/521-599,1101,Indicateur d'identification d'État,521-599,En réserve pour la Région V (Pacifique Sud-Ouest),,,,,Operational,Original
bufr4/0/01/101/600,1101,Indicateur d'identification d'État,600,Albanie,,,,,Operational,Original
bufr4/0/01/101/601,1101,Indicateur d'identification d'État,601,Arménie,,,,,Operational,Original
bufr4/0/01/101/602,1101,Indicateur d'identification d'État,602,Autriche,,,,,Operational,Original
bufr4/0/01/101/603,1101,Indicateur d'identification d'État,603,Azerbaïdjan,,,,,Operational,Original
bufr4/0/01/101/604,1101,Indicateur d'identification d'État,604,Bélarus,,,,,Operational,Original
bufr4/0/01/101/605,1101,Indicateur d'identification d'État,605,Belgique,,,,,Operational,Original
bufr4/0/01/101/606,1101,Indicateur d'identification d'État,606,Bosnie-Herzégovine,,,,,Operational,Original
bufr4/0/01/101/607,1101,Indicateur d'identification d'État,607,Bulgarie,,,,,Operational,Original
bufr4/0/01/101/608,1101,Indicateur d'identification d'État,608,Croatie,,,,,Operational,Original
bufr4/0/01/101/609,1101,Indicateur d'identification d'État,609,Chypre,,,,,Operational,Original
bufr4/0/01/101/610,1101,Indicateur d'identification d'État,610,Tchéquie,,,,,Operational,Original
bufr4/0/01/101/611,1101,Indicateur d'identification d'État,611,Danemark,,,,,Operational,Original
bufr4/0/01/101/612,1101,Indicateur d'identification d'État,612,Estonie,,,,,Operational,Original
bufr4/0/01/101/613,1101,Indicateur d'identification d'État,613,Finlande,,,,,Operational,Original
bufr4/0/01/101/614,1101,Indicateur d'identification d'État,614,France (CR VI),,,,,Operational,Original
bufr4/0/01/101/615,1101,Indicateur d'identification d'État,615,Géorgie,,,,,Operational,Original
bufr4/0/01/101/616,1101,Indicateur d'identification d'État,616,Allemagne,,,,,Operational,Original
bufr4/0/01/101/617,1101,Indicateur d'identification d'État,617,Grèce,,,,,Operational,Original
bufr4/0/01/101/618,1101,Indicateur d'identification d'État,618,Hongrie,,,,,Operational,Original
bufr4/0/01/101/619,1101,Indicateur d'identification d'État,619,Islande,,,,,Operational,Original
bufr4/0/01/101/620,1101,Indicateur d'identification d'État,620,Irlande,,,,,Operational,Original
bufr4/0/01/101/621,1101,Indicateur d'identification d'État,621,Israël,,,,,Operational,Original
bufr4/0/01/101/622,1101,Indicateur d'identification d'État,622,Italie,,,,,Operational,Original
bufr4/0/01/101/623,1101,Indicateur d'identification d'État,623,Jordanie,,,,,Operational,Original
bufr4/0/01/101/624,1101,Indicateur d'identification d'État,624,Kazakhstan,,,,,Operational,Original
bufr4/0/01/101/625,1101,Indicateur d'identification d'État,625,Lettonie,,,,,Operational,Original
bufr4/0/01/101/626,1101,Indicateur d'identification d'État,626,Liban,,,,,Operational,Original
bufr4/0/01/101/627,1101,Indicateur d'identification d'État,627,Lituanie,,,,,Operational,Original
bufr4/0/01/101/628,1101,Indicateur d'identification d'État,628,Luxembourg,,,,,Operational,Original
bufr4/0/01/101/629,1101,Indicateur d'identification d'État,629,Malte,,,,,Operational,Original
bufr4/0/01/101/630,1101,Indicateur d'identification d'État,630,Monaco,,,,,Operational,Original
bufr4/0/01/101/631,1101,Indicateur d'identification d'État,631,Monténégro,,,,,Operational,Original
bufr4/0/01/101/632,1101,Indicateur d'identification d'État,632,Pays-Bas,,,,,Operational,Original
bufr4/0/01/101/633,1101,Indicateur d'identification d'État,633,Norvège,,,,,Operational,Original
bufr4/0/01/101/634,1101,Indicateur d'identification d'État,634,Pologne,,,,,Operational,Original
bufr4/0/01/101/635,1101,Indicateur d'identification d'État,635,Portugal (CR VI),,,,,Operational,Original
bufr4/0/01/101/636,1101,Indicateur d'identification d'État,636,République de Moldova,,,,,Operational,Original
bufr4/0/01/101/637,1101,Indicateur d'identification d'État,637,Roumanie,,,,,Operational,Original
bufr4/0/01/101/638,1101,Indicateur d'identification d'État,638,Fédération de Russie (CR VI),,,,,Operational,Original
bufr4/0/01/101/639,1101,Indicateur d'identification d'État,639,Serbie Slovaquie,,,,,Operational,Original
bufr4/0/01/101/640,1101,Indicateur d'identification d'État,640,Slovaquie,,,,,Operational,Original
bufr4/0/01/101/641,1101,Indicateur d'identification d'État,641,Slovénie,,,,,Operational,Original
bufr4/0/01/101/642,1101,Indicateur d'identification d'État,642,Espagne (CR VI),,,,,Operational,Original
bufr4/0/01/101/643,1101,Indicateur d'identification d'État,643,Suède,,,,,Operational,Original
bufr4/0/01/101/644,1101,Indicateur d'identification d'État,644,Suisse,,,,,Operational,Original
bufr4/0/01/101/645,1101,Indicateur d'identification d'État,645,République arabe syrienne,,,,,Operational,Original
bufr4/0/01/101/646,1101,Indicateur d'identification d'État,646,Macédoine du Nord,,,,,Operational,Original
bufr4/0/01/101/647,1101,Indicateur d'identification d'État,647,Turquie,,,,,Operational,Original
bufr4/0/01/101/648,1101,Indicateur d'identification d'État,648,Ukraine,,,,,Operational,Original
bufr4/0/01/101/649,1101,Indicateur d'identification d'État,649,Royaume-Uni de Grande-Bretagne et d'Irlande du Nord (CR VI),,,,,Operational,Original
bufr4/0/01/101/650-699,1101,Indicateur d'identification d'État,650-699,En réserve pour la Région VI (Europe),,,,,Operational,Original
bufr4/0/01/101/700-999,1101,Indicateur d'identification d'État,700-999,En réserve,,,,,Operational,Original
bufr4/0/01/101/1000-1022,1101,Indicateur d'identification d'État,1000-1022,Inutilisés,,,,,Operational,Original
bufr4/0/01/101/1023,1101,Indicateur d'identification d'État,1023,Valeur manquante,,,,,Operational,Original
bufr4/0/01/150/0,1150,Système de coordonnées de référence,0,"WGS84, utilisé par l'OACI depuis 1998",,,,,Operational,Original
bufr4/0/01/150/1,1150,Système de coordonnées de référence,1,"ETRS89, défini par l'EPSG:4258",,,,,Operational,Original
bufr4/0/01/150/2,1150,Système de coordonnées de référence,2,"NAD83, défini par l'EPSG:4269",,,,,Operational,Original
bufr4/0/01/150/3,1150,Système de coordonnées de référence,3,"DHDN, défini par l'EPSG:4314",,,,,Operational,Original
bufr4/0/01/150/4,1150,Système de coordonnées de référence,4,"Donnée ellipsoïdale prenant pour méridien d'origine le méridien international de référence et pour pôle d'origine le pôle international de référence et reposant sur le Système international de référence terrestre (ITRS). Le Service international de la rotation terrestre et des systèmes de référence (IERS) conserve les données relatives au méridien international de référence, au pôle international de référence et à l'ITRS",,,(voir Note 2),92,Operational,Original
bufr4/0/01/150/5-65534,1150,Système de coordonnées de référence,5-65534,En réserve,,,,,Operational,Original
bufr4/0/01/150/65535,1150,Système de coordonnées de référence,65535,Valeur manquante,(EPSG). C'est aujourd'hui,,,,Operational,Original
bufr4/0/01/151/0,1151,Données de référence sur le niveau moyen de la mer,0,Modèle gravitationnel de la Terre 1996,,,,,Operational,Original
bufr4/0/01/151/1,1151,Données de référence sur le niveau moyen de la mer,1,Baltic Height System 1977,,,,,Operational,Original
bufr4/0/01/151/2-4094,1151,Données de référence sur le niveau moyen de la mer,2-4094,En réserve,,,,,Operational,Original
bufr4/0/01/151/4095,1151,Données de référence sur le niveau moyen de la mer,4095,Valeur manquante,,,,,Operational,Original