Id_es,Id_en
bufr4/3/02/001/1/010004,bufr4/3/02/001/1/010004
bufr4/3/02/001/2/010051,bufr4/3/02/001/2/010051
bufr4/3/02/001/3/010061,bufr4/3/02/001/3/010061
bufr4/3/02/001/4/010063,bufr4/3/02/001/4/010063
bufr4/3/02/002/1/010004,bufr4/3/02/002/1/010004
bufr4/3/02/002/2/007004,bufr4/3/02/002/2/007004
bufr4/3/02/002/3/010003,bufr4/3/02/002/3/010003
bufr4/3/02/002/4/010061,bufr4/3/02/002/4/010061
bufr4/3/02/002/5/010063,bufr4/3/02/002/5/010063
bufr4/3/02/003/1/011011,bufr4/3/02/003/1/011011
bufr4/3/02/003/2/011012,bufr4/3/02/003/2/011012
bufr4/3/02/003/3/012004,bufr4/3/02/003/3/012004
bufr4/3/02/003/4/012006,bufr4/3/02/003/4/012006
bufr4/3/02/003/5/013003,bufr4/3/02/003/5/013003
bufr4/3/02/003/6/020001,bufr4/3/02/003/6/020001
bufr4/3/02/003/7/020003,bufr4/3/02/003/7/020003
bufr4/3/02/003/8/020004,bufr4/3/02/003/8/020004
bufr4/3/02/003/9/020005,bufr4/3/02/003/9/020005
bufr4/3/02/004/1/020010,bufr4/3/02/004/1/020010
bufr4/3/02/004/2/008002,bufr4/3/02/004/2/008002
bufr4/3/02/004/3/020011,bufr4/3/02/004/3/020011
bufr4/3/02/004/4/020013,bufr4/3/02/004/4/020013
bufr4/3/02/004/5/020012,bufr4/3/02/004/5/020012
bufr4/3/02/004/6/020012,bufr4/3/02/004/6/020012
bufr4/3/02/004/7/020012,bufr4/3/02/004/7/020012
bufr4/3/02/005/1/008002,bufr4/3/02/005/1/008002
bufr4/3/02/005/2/020011,bufr4/3/02/005/2/020011
bufr4/3/02/005/3/020012,bufr4/3/02/005/3/020012
bufr4/3/02/005/4/020013,bufr4/3/02/005/4/020013
bufr4/3/02/006/1/010004,bufr4/3/02/006/1/010004
bufr4/3/02/006/2/010051,bufr4/3/02/006/2/010051
bufr4/3/02/006/3/010062,bufr4/3/02/006/3/010062
bufr4/3/02/006/4/010063,bufr4/3/02/006/4/010063
bufr4/3/02/011/1/302001,bufr4/3/02/011/1/302001
bufr4/3/02/011/2/302003,bufr4/3/02/011/2/302003
bufr4/3/02/011/3/302004,bufr4/3/02/011/3/302004
bufr4/3/02/012/1/302002,bufr4/3/02/012/1/302002
bufr4/3/02/012/2/302003,bufr4/3/02/012/2/302003
bufr4/3/02/012/3/302004,bufr4/3/02/012/3/302004
bufr4/3/02/013/1/302006,bufr4/3/02/013/1/302006
bufr4/3/02/013/2/302003,bufr4/3/02/013/2/302003
bufr4/3/02/013/3/101000,bufr4/3/02/013/3/101000
bufr4/3/02/013/4/031001,bufr4/3/02/013/4/031001
bufr4/3/02/013/5/302005,bufr4/3/02/013/5/302005
bufr4/3/02/021/1/022001,bufr4/3/02/021/1/022001
bufr4/3/02/021/2/022011,bufr4/3/02/021/2/022011
bufr4/3/02/021/3/022021,bufr4/3/02/021/3/022021
bufr4/3/02/022/1/022002,bufr4/3/02/022/1/022002
bufr4/3/02/022/2/022012,bufr4/3/02/022/2/022012
bufr4/3/02/022/3/022022,bufr4/3/02/022/3/022022
bufr4/3/02/023/1/022003,bufr4/3/02/023/1/022003
bufr4/3/02/023/2/022013,bufr4/3/02/023/2/022013
bufr4/3/02/023/3/022023,bufr4/3/02/023/3/022023
bufr4/3/02/024/1/302022,bufr4/3/02/024/1/302022
bufr4/3/02/024/2/101002,bufr4/3/02/024/2/101002
bufr4/3/02/024/3/302023,bufr4/3/02/024/3/302023
bufr4/3/02/031/1/302001,bufr4/3/02/031/1/302001
bufr4/3/02/031/2/010062,bufr4/3/02/031/2/010062
bufr4/3/02/031/3/007004,bufr4/3/02/031/3/007004
bufr4/3/02/031/4/010009,bufr4/3/02/031/4/010009
bufr4/3/02/032/1/007032,bufr4/3/02/032/1/007032
bufr4/3/02/032/2/012101,bufr4/3/02/032/2/012101
bufr4/3/02/032/3/012103,bufr4/3/02/032/3/012103
bufr4/3/02/032/4/013003,bufr4/3/02/032/4/013003
bufr4/3/02/033/1/007032,bufr4/3/02/033/1/007032
bufr4/3/02/033/2/020001,bufr4/3/02/033/2/020001
bufr4/3/02/034/1/007032,bufr4/3/02/034/1/007032
bufr4/3/02/034/2/013023,bufr4/3/02/034/2/013023
bufr4/3/02/035/1/302032,bufr4/3/02/035/1/302032
bufr4/3/02/035/2/302033,bufr4/3/02/035/2/302033
bufr4/3/02/035/3/302034,bufr4/3/02/035/3/302034
bufr4/3/02/035/4/007032,bufr4/3/02/035/4/007032
bufr4/3/02/035/5/302004,bufr4/3/02/035/5/302004
bufr4/3/02/035/6/101000,bufr4/3/02/035/6/101000
bufr4/3/02/035/7/031001,bufr4/3/02/035/7/031001
bufr4/3/02/035/8/302005,bufr4/3/02/035/8/302005
bufr4/3/02/036/1/105000,bufr4/3/02/036/1/105000
bufr4/3/02/036/2/031001,bufr4/3/02/036/2/031001
bufr4/3/02/036/3/008002,bufr4/3/02/036/3/008002
bufr4/3/02/036/4/020011,bufr4/3/02/036/4/020011
bufr4/3/02/036/5/020012,bufr4/3/02/036/5/020012
bufr4/3/02/036/6/020014,bufr4/3/02/036/6/020014
bufr4/3/02/036/7/020017,bufr4/3/02/036/7/020017
bufr4/3/02/037/1/020062,bufr4/3/02/037/1/020062
bufr4/3/02/037/2/013013,bufr4/3/02/037/2/013013
bufr4/3/02/037/3/012113,bufr4/3/02/037/3/012113
bufr4/3/02/038/1/020003,bufr4/3/02/038/1/020003
bufr4/3/02/038/2/004024,bufr4/3/02/038/2/004024
bufr4/3/02/038/3/020004,bufr4/3/02/038/3/020004
bufr4/3/02/038/4/020005,bufr4/3/02/038/4/020005
bufr4/3/02/039/1/004024,bufr4/3/02/039/1/004024
bufr4/3/02/039/2/014031,bufr4/3/02/039/2/014031
bufr4/3/02/040/1/007032,bufr4/3/02/040/1/007032
bufr4/3/02/040/2/102002,bufr4/3/02/040/2/102002
bufr4/3/02/040/3/004024,bufr4/3/02/040/3/004024
bufr4/3/02/040/4/013011,bufr4/3/02/040/4/013011
bufr4/3/02/041/1/007032,bufr4/3/02/041/1/007032
bufr4/3/02/041/2/004024,bufr4/3/02/041/2/004024
bufr4/3/02/041/3/004024,bufr4/3/02/041/3/004024
bufr4/3/02/041/4/012111,bufr4/3/02/041/4/012111
bufr4/3/02/041/5/004024,bufr4/3/02/041/5/004024
bufr4/3/02/041/6/004024,bufr4/3/02/041/6/004024
bufr4/3/02/041/7/012112,bufr4/3/02/041/7/012112
bufr4/3/02/042/1/007032,bufr4/3/02/042/1/007032
bufr4/3/02/042/2/002002,bufr4/3/02/042/2/002002
bufr4/3/02/042/3/008021,bufr4/3/02/042/3/008021
bufr4/3/02/042/4/004025,bufr4/3/02/042/4/004025
bufr4/3/02/042/5/011001,bufr4/3/02/042/5/011001
bufr4/3/02/042/6/011002,bufr4/3/02/042/6/011002
bufr4/3/02/042/7/008021,bufr4/3/02/042/7/008021
bufr4/3/02/042/8/103002,bufr4/3/02/042/8/103002
bufr4/3/02/042/9/004025,bufr4/3/02/042/9/004025
bufr4/3/02/042/10/011043,bufr4/3/02/042/10/011043
bufr4/3/02/042/11/011041,bufr4/3/02/042/11/011041
bufr4/3/02/043/1/302038,bufr4/3/02/043/1/302038
bufr4/3/02/043/2/101002,bufr4/3/02/043/2/101002
bufr4/3/02/043/3/302039,bufr4/3/02/043/3/302039
bufr4/3/02/043/4/302040,bufr4/3/02/043/4/302040
bufr4/3/02/043/5/302041,bufr4/3/02/043/5/302041
bufr4/3/02/043/6/302042,bufr4/3/02/043/6/302042
bufr4/3/02/043/7/007032,bufr4/3/02/043/7/007032
bufr4/3/02/044/1/004024,bufr4/3/02/044/1/004024
bufr4/3/02/044/2/002004,bufr4/3/02/044/2/002004
bufr4/3/02/044/3/013033,bufr4/3/02/044/3/013033
bufr4/3/02/045/1/004024,bufr4/3/02/045/1/004024
bufr4/3/02/045/2/014002,bufr4/3/02/045/2/014002
bufr4/3/02/045/3/014004,bufr4/3/02/045/3/014004
bufr4/3/02/045/4/014016,bufr4/3/02/045/4/014016
bufr4/3/02/045/5/014028,bufr4/3/02/045/5/014028
bufr4/3/02/045/6/014029,bufr4/3/02/045/6/014029
bufr4/3/02/045/7/014030,bufr4/3/02/045/7/014030
bufr4/3/02/046/1/004024,bufr4/3/02/046/1/004024
bufr4/3/02/046/2/004024,bufr4/3/02/046/2/004024
bufr4/3/02/046/3/012049,bufr4/3/02/046/3/012049
bufr4/3/02/047/1/102003,bufr4/3/02/047/1/102003
bufr4/3/02/047/2/008002,bufr4/3/02/047/2/008002
bufr4/3/02/047/3/020054,bufr4/3/02/047/3/020054
bufr4/3/02/048/1/005021,bufr4/3/02/048/1/005021
bufr4/3/02/048/2/007021,bufr4/3/02/048/2/007021
bufr4/3/02/048/3/020012,bufr4/3/02/048/3/020012
bufr4/3/02/048/4/005021,bufr4/3/02/048/4/005021
bufr4/3/02/048/5/007021,bufr4/3/02/048/5/007021
bufr4/3/02/049/1/008002,bufr4/3/02/049/1/008002
bufr4/3/02/049/2/020011,bufr4/3/02/049/2/020011
bufr4/3/02/049/3/020013,bufr4/3/02/049/3/020013
bufr4/3/02/049/4/020012,bufr4/3/02/049/4/020012
bufr4/3/02/049/5/020012,bufr4/3/02/049/5/020012
bufr4/3/02/049/6/020012,bufr4/3/02/049/6/020012
bufr4/3/02/049/7/008002,bufr4/3/02/049/7/008002
bufr4/3/02/050/1/008041,bufr4/3/02/050/1/008041
bufr4/3/02/050/2/005021,bufr4/3/02/050/2/005021
bufr4/3/02/050/3/007005,bufr4/3/02/050/3/007005
bufr4/3/02/050/4/202130,bufr4/3/02/050/4/202130
bufr4/3/02/050/5/006021,bufr4/3/02/050/5/006021
bufr4/3/02/050/6/202000,bufr4/3/02/050/6/202000
bufr4/3/02/050/7/008041,bufr4/3/02/050/7/008041
bufr4/3/02/050/8/201131,bufr4/3/02/050/8/201131
bufr4/3/02/050/9/202129,bufr4/3/02/050/9/202129
bufr4/3/02/050/10/002115,bufr4/3/02/050/10/002115
bufr4/3/02/050/11/010004,bufr4/3/02/050/11/010004
bufr4/3/02/050/12/002115,bufr4/3/02/050/12/002115
bufr4/3/02/050/13/013003,bufr4/3/02/050/13/013003
bufr4/3/02/050/14/202000,bufr4/3/02/050/14/202000
bufr4/3/02/050/15/201000,bufr4/3/02/050/15/201000
bufr4/3/02/050/16/002115,bufr4/3/02/050/16/002115
bufr4/3/02/050/17/011001,bufr4/3/02/050/17/011001
bufr4/3/02/050/18/011002,bufr4/3/02/050/18/011002
bufr4/3/02/050/19/002115,bufr4/3/02/050/19/002115
bufr4/3/02/050/20/102002,bufr4/3/02/050/20/102002
bufr4/3/02/050/21/012101,bufr4/3/02/050/21/012101
bufr4/3/02/050/22/004024,bufr4/3/02/050/22/004024
bufr4/3/02/050/23/002115,bufr4/3/02/050/23/002115
bufr4/3/02/050/24/012103,bufr4/3/02/050/24/012103
bufr4/3/02/050/25/012102,bufr4/3/02/050/25/012102
bufr4/3/02/050/26/101003,bufr4/3/02/050/26/101003
bufr4/3/02/050/27/020012,bufr4/3/02/050/27/020012
bufr4/3/02/050/28/020011,bufr4/3/02/050/28/020011
bufr4/3/02/050/29/020013,bufr4/3/02/050/29/020013
bufr4/3/02/050/30/101002,bufr4/3/02/050/30/101002
bufr4/3/02/050/31/020003,bufr4/3/02/050/31/020003
bufr4/3/02/051/1/010004,bufr4/3/02/051/1/010004
bufr4/3/02/051/2/010051,bufr4/3/02/051/2/010051
bufr4/3/02/051/3/007004,bufr4/3/02/051/3/007004
bufr4/3/02/051/4/010003,bufr4/3/02/051/4/010003
bufr4/3/02/051/5/012004,bufr4/3/02/051/5/012004
bufr4/3/02/051/6/012051,bufr4/3/02/051/6/012051
bufr4/3/02/051/7/012016,bufr4/3/02/051/7/012016
bufr4/3/02/051/8/012017,bufr4/3/02/051/8/012017
bufr4/3/02/051/9/013004,bufr4/3/02/051/9/013004
bufr4/3/02/051/10/102004,bufr4/3/02/051/10/102004
bufr4/3/02/051/11/008051,bufr4/3/02/051/11/008051
bufr4/3/02/051/12/008020,bufr4/3/02/051/12/008020
bufr4/3/02/052/1/007032,bufr4/3/02/052/1/007032
bufr4/3/02/052/2/007033,bufr4/3/02/052/2/007033
bufr4/3/02/052/3/012101,bufr4/3/02/052/3/012101
bufr4/3/02/052/4/002039,bufr4/3/02/052/4/002039
bufr4/3/02/052/5/012102,bufr4/3/02/052/5/012102
bufr4/3/02/052/6/012103,bufr4/3/02/052/6/012103
bufr4/3/02/052/7/013003,bufr4/3/02/052/7/013003
bufr4/3/02/053/1/007032,bufr4/3/02/053/1/007032
bufr4/3/02/053/2/007033,bufr4/3/02/053/2/007033
bufr4/3/02/053/3/020001,bufr4/3/02/053/3/020001
bufr4/3/02/054/1/302052,bufr4/3/02/054/1/302052
bufr4/3/02/054/2/302053,bufr4/3/02/054/2/302053
bufr4/3/02/054/3/007033,bufr4/3/02/054/3/007033
bufr4/3/02/054/4/302034,bufr4/3/02/054/4/302034
bufr4/3/02/054/5/007032,bufr4/3/02/054/5/007032
bufr4/3/02/054/6/302004,bufr4/3/02/054/6/302004
bufr4/3/02/054/7/101000,bufr4/3/02/054/7/101000
bufr4/3/02/054/8/031001,bufr4/3/02/054/8/031001
bufr4/3/02/054/9/302005,bufr4/3/02/054/9/302005
bufr4/3/02/055/1/020031,bufr4/3/02/055/1/020031
bufr4/3/02/055/2/020032,bufr4/3/02/055/2/020032
bufr4/3/02/055/3/020033,bufr4/3/02/055/3/020033
bufr4/3/02/055/4/020034,bufr4/3/02/055/4/020034
bufr4/3/02/055/5/020035,bufr4/3/02/055/5/020035
bufr4/3/02/055/6/020036,bufr4/3/02/055/6/020036
bufr4/3/02/055/7/020037,bufr4/3/02/055/7/020037
bufr4/3/02/055/8/020038,bufr4/3/02/055/8/020038
bufr4/3/02/056/1/002038,bufr4/3/02/056/1/002038
bufr4/3/02/056/2/007063,bufr4/3/02/056/2/007063
bufr4/3/02/056/3/022043,bufr4/3/02/056/3/022043
bufr4/3/02/056/4/007063,bufr4/3/02/056/4/007063
bufr4/3/02/057/1/302056,bufr4/3/02/057/1/302056
bufr4/3/02/057/2/302021,bufr4/3/02/057/2/302021
bufr4/3/02/057/3/302024,bufr4/3/02/057/3/302024
bufr4/3/02/058/1/007032,bufr4/3/02/058/1/007032
bufr4/3/02/058/2/007033,bufr4/3/02/058/2/007033
bufr4/3/02/058/3/004024,bufr4/3/02/058/3/004024
bufr4/3/02/058/4/004024,bufr4/3/02/058/4/004024
bufr4/3/02/058/5/012111,bufr4/3/02/058/5/012111
bufr4/3/02/058/6/004024,bufr4/3/02/058/6/004024
bufr4/3/02/058/7/004024,bufr4/3/02/058/7/004024
bufr4/3/02/058/8/012112,bufr4/3/02/058/8/012112
bufr4/3/02/059/1/007032,bufr4/3/02/059/1/007032
bufr4/3/02/059/2/007033,bufr4/3/02/059/2/007033
bufr4/3/02/059/3/002002,bufr4/3/02/059/3/002002
bufr4/3/02/059/4/008021,bufr4/3/02/059/4/008021
bufr4/3/02/059/5/004025,bufr4/3/02/059/5/004025
bufr4/3/02/059/6/011001,bufr4/3/02/059/6/011001
bufr4/3/02/059/7/011002,bufr4/3/02/059/7/011002
bufr4/3/02/059/8/008021,bufr4/3/02/059/8/008021
bufr4/3/02/059/9/103002,bufr4/3/02/059/9/103002
bufr4/3/02/059/10/004025,bufr4/3/02/059/10/004025
bufr4/3/02/059/12/011041,bufr4/3/02/059/11/011043
bufr4/3/02/060/1/302038,bufr4/3/02/059/12/011041
bufr4/3/02/060/2/302040,bufr4/3/02/060/1/302038
bufr4/3/02/060/3/302058,bufr4/3/02/060/2/302040
bufr4/3/02/060/4/302059,bufr4/3/02/060/3/302058
bufr4/3/02/062/2/302001,bufr4/3/02/060/4/302059
bufr4/3/02/062/3/302093,bufr4/3/02/062/1/025188
bufr4/3/02/062/4/101000,bufr4/3/02/062/2/302001
bufr4/3/02/062/5/031000,bufr4/3/02/062/3/302093
bufr4/3/02/062/6/302053,bufr4/3/02/062/4/101000
bufr4/3/02/062/7/007032,bufr4/3/02/062/5/031000
bufr4/3/02/062/8/007033,bufr4/3/02/062/6/302053
bufr4/3/02/062/9/101000,bufr4/3/02/062/7/007032
bufr4/3/02/062/10/031000,bufr4/3/02/062/8/007033
bufr4/3/02/062/11/302004,bufr4/3/02/062/9/101000
bufr4/3/02/062/12/101000,bufr4/3/02/062/10/031000
bufr4/3/02/062/13/031001,bufr4/3/02/062/11/302004
bufr4/3/02/062/14/302005,bufr4/3/02/062/12/101000
bufr4/3/02/062/15/008002,bufr4/3/02/062/13/031001
bufr4/3/02/062/16/101000,bufr4/3/02/062/14/302005
bufr4/3/02/062/17/031000,bufr4/3/02/062/15/008002
bufr4/3/02/062/18/302055,bufr4/3/02/062/16/101000
bufr4/3/02/062/19/101000,bufr4/3/02/062/17/031000
bufr4/3/02/062/20/031000,bufr4/3/02/062/18/302055
bufr4/3/02/062/21/302056,bufr4/3/02/062/19/101000
bufr4/3/02/062/22/101000,bufr4/3/02/062/20/031000
bufr4/3/02/062/23/031000,bufr4/3/02/062/21/302056
bufr4/3/02/062/24/302021,bufr4/3/02/062/22/101000
bufr4/3/02/062/25/101000,bufr4/3/02/062/23/031000
bufr4/3/02/062/26/031000,bufr4/3/02/062/24/302021
bufr4/3/02/062/27/302024,bufr4/3/02/062/25/101000
bufr4/3/02/063/1/302038,bufr4/3/02/062/26/031000
bufr4/3/02/063/2/101000,bufr4/3/02/062/27/302024
bufr4/3/02/063/3/031000,bufr4/3/02/063/1/302038
bufr4/3/02/063/4/302040,bufr4/3/02/063/2/101000
bufr4/3/02/063/5/101000,bufr4/3/02/063/3/031000
bufr4/3/02/063/6/031000,bufr4/3/02/063/4/302040
bufr4/3/02/063/7/302034,bufr4/3/02/063/5/101000
bufr4/3/02/063/8/007032,bufr4/3/02/063/6/031000
bufr4/3/02/063/9/101000,bufr4/3/02/063/7/302034
bufr4/3/02/063/10/031000,bufr4/3/02/063/8/007032
bufr4/3/02/063/11/302058,bufr4/3/02/063/9/101000
bufr4/3/02/063/12/101000,bufr4/3/02/063/10/031000
bufr4/3/02/063/13/031000,bufr4/3/02/063/11/302058
bufr4/3/02/063/14/302064,bufr4/3/02/063/12/101000
bufr4/3/02/064/1/007032,bufr4/3/02/063/13/031000
bufr4/3/02/064/2/007033,bufr4/3/02/063/14/302064
bufr4/3/02/064/3/002002,bufr4/3/02/064/1/007032
bufr4/3/02/064/4/008021,bufr4/3/02/064/2/007033
bufr4/3/02/064/5/004025,bufr4/3/02/064/3/002002
bufr4/3/02/064/6/011001,bufr4/3/02/064/4/008021
bufr4/3/02/064/7/011002,bufr4/3/02/064/5/004025
bufr4/3/02/064/8/008021,bufr4/3/02/064/6/011001
bufr4/3/02/064/9/103000,bufr4/3/02/064/7/011002
bufr4/3/02/064/10/031001,bufr4/3/02/064/8/008021
bufr4/3/02/064/11/004025,bufr4/3/02/064/9/103000
bufr4/3/02/064/12/011043,bufr4/3/02/064/10/031001
bufr4/3/02/064/13/011041,bufr4/3/02/064/11/004025
bufr4/3/02/066/1/020023,bufr4/3/02/064/12/011043
bufr4/3/02/066/2/020024,bufr4/3/02/064/13/011041
bufr4/3/02/066/3/020027,bufr4/3/02/066/1/020023
bufr4/3/02/066/4/020054,bufr4/3/02/066/2/020024
bufr4/3/02/066/5/020023,bufr4/3/02/066/3/020027
bufr4/3/02/066/6/020027,bufr4/3/02/066/4/020054
bufr4/3/02/066/7/020054,bufr4/3/02/066/5/020023
bufr4/3/02/066/8/020025,bufr4/3/02/066/6/020027
bufr4/3/02/066/9/020026,bufr4/3/02/066/7/020054
bufr4/3/02/066/10/020027,bufr4/3/02/066/8/020025
bufr4/3/02/066/11/020040,bufr4/3/02/066/9/020026
bufr4/3/02/066/12/020066,bufr4/3/02/066/10/020027
bufr4/3/02/066/13/020027,bufr4/3/02/066/11/020040
bufr4/3/02/066/14/020021,bufr4/3/02/066/12/020066
bufr4/3/02/066/15/020067,bufr4/3/02/066/13/020027
bufr4/3/02/066/16/020027,bufr4/3/02/066/14/020021
bufr4/3/02/067/1/001023,bufr4/3/02/066/15/020067
bufr4/3/02/067/2/004025,bufr4/3/02/066/16/020027
bufr4/3/02/067/3/002177,bufr4/3/02/067/1/001023
bufr4/3/02/067/4/101000,bufr4/3/02/067/2/004025
bufr4/3/02/067/5/031001,bufr4/3/02/067/3/002177
bufr4/3/02/067/6/020003,bufr4/3/02/067/4/101000
bufr4/3/02/067/7/103000,bufr4/3/02/067/5/031001
bufr4/3/02/067/8/031001,bufr4/3/02/067/6/020003
bufr4/3/02/067/9/005021,bufr4/3/02/067/7/103000
bufr4/3/02/067/10/020001,bufr4/3/02/067/8/031001
bufr4/3/02/067/11/005021,bufr4/3/02/067/9/005021
bufr4/3/02/067/12/101000,bufr4/3/02/067/10/020001
bufr4/3/02/067/13/031000,bufr4/3/02/067/11/005021
bufr4/3/02/067/14/302056,bufr4/3/02/067/12/101000
bufr4/3/02/067/15/103000,bufr4/3/02/067/13/031000
bufr4/3/02/067/16/031000,bufr4/3/02/067/14/302056
bufr4/3/02/067/17/033041,bufr4/3/02/067/15/103000
bufr4/3/02/067/18/020058,bufr4/3/02/067/16/031000
bufr4/3/02/067/19/022061,bufr4/3/02/067/17/033041
bufr4/3/02/067/20/101000,bufr4/3/02/067/18/020058
bufr4/3/02/067/21/031000,bufr4/3/02/067/19/022061
bufr4/3/02/067/22/302022,bufr4/3/02/067/20/101000
bufr4/3/02/067/23/101000,bufr4/3/02/067/21/031000
bufr4/3/02/067/24/031001,bufr4/3/02/067/22/302022
bufr4/3/02/067/25/302023,bufr4/3/02/067/23/101000
bufr4/3/02/067/26/104000,bufr4/3/02/067/24/031001
bufr4/3/02/067/27/031001,bufr4/3/02/067/25/302023
bufr4/3/02/067/28/020054,bufr4/3/02/067/26/104000
bufr4/3/02/067/29/020137,bufr4/3/02/067/27/031001
bufr4/3/02/067/30/020012,bufr4/3/02/067/28/020054
bufr4/3/02/067/31/020090,bufr4/3/02/067/29/020137
bufr4/3/02/067/32/103000,bufr4/3/02/067/30/020012
bufr4/3/02/067/33/031001,bufr4/3/02/067/31/020090
bufr4/3/02/067/34/020054,bufr4/3/02/067/32/103000
bufr4/3/02/067/35/020137,bufr4/3/02/067/33/031001
bufr4/3/02/067/36/020136,bufr4/3/02/067/34/020054
bufr4/3/02/067/37/004025,bufr4/3/02/067/35/020137
bufr4/3/02/067/38/013012,bufr4/3/02/067/36/020136
bufr4/3/02/067/39/004025,bufr4/3/02/067/37/004025
bufr4/3/02/067/40/011042,bufr4/3/02/067/38/013012
bufr4/3/02/067/41/104000,bufr4/3/02/067/39/004025
bufr4/3/02/067/42/031001,bufr4/3/02/067/40/011042
bufr4/3/02/067/43/008021,bufr4/3/02/067/41/104000
bufr4/3/02/067/44/004025,bufr4/3/02/067/42/031001
bufr4/3/02/067/45/011042,bufr4/3/02/067/43/008021
bufr4/3/02/067/46/008021,bufr4/3/02/067/44/004025
bufr4/3/02/067/47/115000,bufr4/3/02/067/45/011042
bufr4/3/02/067/48/031001,bufr4/3/02/067/46/008021
bufr4/3/02/067/49/008021,bufr4/3/02/067/47/115000
bufr4/3/02/067/50/004015,bufr4/3/02/067/48/031001
bufr4/3/02/067/51/008021,bufr4/3/02/067/49/008021
bufr4/3/02/067/52/004025,bufr4/3/02/067/50/004015
bufr4/3/02/067/53/011001,bufr4/3/02/067/51/008021
bufr4/3/02/067/54/011002,bufr4/3/02/067/52/004025
bufr4/3/02/067/55/008021,bufr4/3/02/067/53/011001
bufr4/3/02/067/56/004015,bufr4/3/02/067/54/011002
bufr4/3/02/067/57/008021,bufr4/3/02/067/55/008021
bufr4/3/02/067/58/004025,bufr4/3/02/067/56/004015
bufr4/3/02/067/59/011001,bufr4/3/02/067/57/008021
bufr4/3/02/067/60/011002,bufr4/3/02/067/58/004025
bufr4/3/02/067/61/008021,bufr4/3/02/067/59/011001
bufr4/3/02/067/62/004025,bufr4/3/02/067/60/011002
bufr4/3/02/067/63/004015,bufr4/3/02/067/61/008021
bufr4/3/02/067/64/103000,bufr4/3/02/067/62/004025
bufr4/3/02/067/65/031001,bufr4/3/02/067/63/004015
bufr4/3/02/067/66/004025,bufr4/3/02/067/64/103000
bufr4/3/02/067/67/004025,bufr4/3/02/067/65/031001
bufr4/3/02/067/68/020003,bufr4/3/02/067/66/004025
bufr4/3/02/067/69/110000,bufr4/3/02/067/67/004025
bufr4/3/02/067/70/031001,bufr4/3/02/067/68/020003
bufr4/3/02/067/71/004025,bufr4/3/02/067/69/110000
bufr4/3/02/067/72/004025,bufr4/3/02/067/70/031001
bufr4/3/02/067/73/005021,bufr4/3/02/067/71/004025
bufr4/3/02/067/74/005021,bufr4/3/02/067/72/004025
bufr4/3/02/067/75/020054,bufr4/3/02/067/73/005021
bufr4/3/02/067/76/020024,bufr4/3/02/067/74/005021
bufr4/3/02/067/77/020025,bufr4/3/02/067/75/020054
bufr4/3/02/067/78/020026,bufr4/3/02/067/76/020024
bufr4/3/02/067/79/020027,bufr4/3/02/067/77/020025
bufr4/3/02/067/80/020063,bufr4/3/02/067/78/020026
bufr4/3/02/069/1/007032,bufr4/3/02/067/79/020027
bufr4/3/02/069/2/007033,bufr4/3/02/067/80/020063
bufr4/3/02/069/3/033041,bufr4/3/02/069/1/007032
bufr4/3/02/069/4/020001,bufr4/3/02/069/2/007033
bufr4/3/02/070/1/007032,bufr4/3/02/069/3/033041
bufr4/3/02/070/2/007033,bufr4/3/02/069/4/020001
bufr4/3/02/070/3/011001,bufr4/3/02/070/1/007032
bufr4/3/02/070/4/011002,bufr4/3/02/070/2/007033
bufr4/3/02/070/5/011043,bufr4/3/02/070/3/011001
bufr4/3/02/070/6/011041,bufr4/3/02/070/4/011002
bufr4/3/02/070/7/011016,bufr4/3/02/070/5/011043
bufr4/3/02/070/8/011017,bufr4/3/02/070/6/011041
bufr4/3/02/071/1/007032,bufr4/3/02/070/7/011016
bufr4/3/02/071/2/007033,bufr4/3/02/070/8/011017
bufr4/3/02/071/3/008021,bufr4/3/02/071/1/007032
bufr4/3/02/071/4/004025,bufr4/3/02/071/2/007033
bufr4/3/02/071/5/011001,bufr4/3/02/071/3/008021
bufr4/3/02/071/6/011002,bufr4/3/02/071/4/004025
bufr4/3/02/071/7/008021,bufr4/3/02/071/5/011001
bufr4/3/02/071/8/103002,bufr4/3/02/071/6/011002
bufr4/3/02/071/9/004025,bufr4/3/02/071/7/008021
bufr4/3/02/071/10/011043,bufr4/3/02/071/8/103002
bufr4/3/02/071/11/011041,bufr4/3/02/071/9/004025
bufr4/3/02/071/12/004025,bufr4/3/02/071/10/011043
bufr4/3/02/071/13/011016,bufr4/3/02/071/11/011041
bufr4/3/02/071/14/011017,bufr4/3/02/071/12/004025
bufr4/3/02/072/1/007032,bufr4/3/02/071/13/011016
bufr4/3/02/072/2/007033,bufr4/3/02/071/14/011017
bufr4/3/02/072/3/012101,bufr4/3/02/072/1/007032
bufr4/3/02/072/4/012103,bufr4/3/02/072/2/007033
bufr4/3/02/072/5/013003,bufr4/3/02/072/3/012101
bufr4/3/02/073/1/020010,bufr4/3/02/072/4/012103
bufr4/3/02/073/2/105004,bufr4/3/02/072/5/013003
bufr4/3/02/073/3/008002,bufr4/3/02/073/1/020010
bufr4/3/02/073/4/020011,bufr4/3/02/073/2/105004
bufr4/3/02/073/5/020012,bufr4/3/02/073/3/008002
bufr4/3/02/073/6/033041,bufr4/3/02/073/4/020011
bufr4/3/02/073/7/020013,bufr4/3/02/073/5/020012
bufr4/3/02/074/1/020003,bufr4/3/02/073/6/033041
bufr4/3/02/074/2/004025,bufr4/3/02/073/7/020013
bufr4/3/02/074/3/020004,bufr4/3/02/074/1/020003
bufr4/3/02/074/4/020005,bufr4/3/02/074/2/004025
bufr4/3/02/075/1/008021,bufr4/3/02/074/3/020004
bufr4/3/02/075/2/004025,bufr4/3/02/074/4/020005
bufr4/3/02/075/3/013055,bufr4/3/02/075/1/008021
bufr4/3/02/075/4/013058,bufr4/3/02/075/2/004025
bufr4/3/02/075/5/008021,bufr4/3/02/075/3/013055
bufr4/3/02/076/1/020021,bufr4/3/02/075/4/013058
bufr4/3/02/076/2/020022,bufr4/3/02/075/5/008021
bufr4/3/02/076/3/026020,bufr4/3/02/076/1/020021
bufr4/3/02/076/4/020023,bufr4/3/02/076/2/020022
bufr4/3/02/076/5/020024,bufr4/3/02/076/3/026020
bufr4/3/02/076/6/020025,bufr4/3/02/076/4/020023
bufr4/3/02/076/7/020026,bufr4/3/02/076/5/020024
bufr4/3/02/077/1/007032,bufr4/3/02/076/6/020025
bufr4/3/02/077/2/007033,bufr4/3/02/076/7/020026
bufr4/3/02/077/3/004025,bufr4/3/02/077/1/007032
bufr4/3/02/077/4/012111,bufr4/3/02/077/2/007033
bufr4/3/02/077/5/012112,bufr4/3/02/077/3/004025
bufr4/3/02/077/6/007032,bufr4/3/02/077/4/012111
bufr4/3/02/077/7/004025,bufr4/3/02/077/5/012112
bufr4/3/02/077/8/012112,bufr4/3/02/077/6/007032
bufr4/3/02/078/1/002176,bufr4/3/02/077/7/004025
bufr4/3/02/078/2/020062,bufr4/3/02/077/8/012112
bufr4/3/02/078/3/002177,bufr4/3/02/078/1/002176
bufr4/3/02/078/4/013013,bufr4/3/02/078/2/020062
bufr4/3/02/079/1/007032,bufr4/3/02/078/3/002177
bufr4/3/02/079/2/002175,bufr4/3/02/078/4/013013
bufr4/3/02/079/3/002178,bufr4/3/02/079/1/007032
bufr4/3/02/079/4/004025,bufr4/3/02/079/2/002175
bufr4/3/02/079/5/013011,bufr4/3/02/079/3/002178
bufr4/3/02/080/1/002185,bufr4/3/02/079/4/004025
bufr4/3/02/080/2/004025,bufr4/3/02/079/5/013011
bufr4/3/02/080/3/013033,bufr4/3/02/080/1/002185
bufr4/3/02/081/1/004025,bufr4/3/02/080/2/004025
bufr4/3/02/081/2/014031,bufr4/3/02/080/3/013033
bufr4/3/02/082/1/004025,bufr4/3/02/081/1/004025
bufr4/3/02/082/2/014002,bufr4/3/02/081/2/014031
bufr4/3/02/082/3/014004,bufr4/3/02/082/1/004025
bufr4/3/02/082/4/014016,bufr4/3/02/082/2/014002
bufr4/3/02/082/5/014028,bufr4/3/02/082/3/014004
bufr4/3/02/082/6/014029,bufr4/3/02/082/4/014016
bufr4/3/02/082/7/014030,bufr4/3/02/082/5/014028
bufr4/3/02/083/1/004025,bufr4/3/02/082/6/014029
bufr4/3/02/083/2/008023,bufr4/3/02/082/7/014030
bufr4/3/02/083/3/010004,bufr4/3/02/083/1/004025
bufr4/3/02/083/4/011001,bufr4/3/02/083/2/008023
bufr4/3/02/083/5/011002,bufr4/3/02/083/3/010004
bufr4/3/02/083/6/012101,bufr4/3/02/083/4/011001
bufr4/3/02/083/7/013003,bufr4/3/02/083/5/011002
bufr4/3/02/083/8/008023,bufr4/3/02/083/6/012101
bufr4/3/02/084/1/302031,bufr4/3/02/083/7/013003
bufr4/3/02/084/2/302072,bufr4/3/02/083/8/008023
bufr4/3/02/084/3/103000,bufr4/3/02/084/1/302031
bufr4/3/02/084/4/031000,bufr4/3/02/084/2/302072
bufr4/3/02/084/5/101005,bufr4/3/02/084/3/103000
bufr4/3/02/084/6/307063,bufr4/3/02/084/4/031000
bufr4/3/02/084/7/007061,bufr4/3/02/084/5/101005
bufr4/3/02/084/8/101000,bufr4/3/02/084/6/307063
bufr4/3/02/084/9/031000,bufr4/3/02/084/7/007061
bufr4/3/02/084/10/302069,bufr4/3/02/084/8/101000
bufr4/3/02/084/11/007032,bufr4/3/02/084/9/031000
bufr4/3/02/084/12/007033,bufr4/3/02/084/10/302069
bufr4/3/02/084/13/105000,bufr4/3/02/084/11/007032
bufr4/3/02/084/14/031000,bufr4/3/02/084/12/007033
bufr4/3/02/084/15/020031,bufr4/3/02/084/13/105000
bufr4/3/02/084/16/020032,bufr4/3/02/084/14/031000
bufr4/3/02/084/17/002038,bufr4/3/02/084/15/020031
bufr4/3/02/084/18/022043,bufr4/3/02/084/16/020032
bufr4/3/02/084/19/302021,bufr4/3/02/084/17/002038
bufr4/3/02/084/20/101000,bufr4/3/02/084/18/022043
bufr4/3/02/084/21/031000,bufr4/3/02/084/19/302021
bufr4/3/02/084/22/302078,bufr4/3/02/084/20/101000
bufr4/3/02/084/23/012113,bufr4/3/02/084/21/031000
bufr4/3/02/084/24/101000,bufr4/3/02/084/22/302078
bufr4/3/02/084/25/031000,bufr4/3/02/084/23/012113
bufr4/3/02/084/26/302004,bufr4/3/02/084/24/101000
bufr4/3/02/084/27/105000,bufr4/3/02/084/25/031000
bufr4/3/02/084/28/031001,bufr4/3/02/084/26/302004
bufr4/3/02/084/29/008002,bufr4/3/02/084/27/105000
bufr4/3/02/084/30/020011,bufr4/3/02/084/28/031001
bufr4/3/02/084/31/020012,bufr4/3/02/084/29/008002
bufr4/3/02/084/32/033041,bufr4/3/02/084/30/020011
bufr4/3/02/084/33/020013,bufr4/3/02/084/31/020012
bufr4/3/02/084/34/302036,bufr4/3/02/084/32/033041
bufr4/3/02/084/35/101000,bufr4/3/02/084/33/020013
bufr4/3/02/084/36/031000,bufr4/3/02/084/34/302036
bufr4/3/02/084/37/302047,bufr4/3/02/084/35/101000
bufr4/3/02/084/38/008002,bufr4/3/02/084/36/031000
bufr4/3/02/084/39/101000,bufr4/3/02/084/37/302047
bufr4/3/02/084/40/031000,bufr4/3/02/084/38/008002
bufr4/3/02/084/41/302048,bufr4/3/02/084/39/101000
bufr4/3/02/085/1/105000,bufr4/3/02/084/40/031000
bufr4/3/02/085/2/031000,bufr4/3/02/084/41/302048
bufr4/3/02/085/3/020003,bufr4/3/02/085/1/105000
bufr4/3/02/085/4/103002,bufr4/3/02/085/2/031000
bufr4/3/02/085/5/004024,bufr4/3/02/085/3/020003
bufr4/3/02/085/6/020004,bufr4/3/02/085/4/103002
bufr4/3/02/085/7/020005,bufr4/3/02/085/5/004024
bufr4/3/02/085/8/101000,bufr4/3/02/085/6/020004
bufr4/3/02/085/9/031000,bufr4/3/02/085/7/020005
bufr4/3/02/085/10/302175,bufr4/3/02/085/8/101000
bufr4/3/02/085/11/102000,bufr4/3/02/085/9/031000
bufr4/3/02/085/12/031000,bufr4/3/02/085/10/302175
bufr4/3/02/085/13/004025,bufr4/3/02/085/11/102000
bufr4/3/02/085/14/302076,bufr4/3/02/085/12/031000
bufr4/3/02/085/15/102000,bufr4/3/02/085/13/004025
bufr4/3/02/085/16/031000,bufr4/3/02/085/14/302076
bufr4/3/02/085/17/004025,bufr4/3/02/085/15/102000
bufr4/3/02/085/18/013059,bufr4/3/02/085/16/031000
bufr4/3/02/085/19/007032,bufr4/3/02/085/17/004025
bufr4/3/02/085/20/007033,bufr4/3/02/085/18/013059
bufr4/3/02/085/21/008021,bufr4/3/02/085/19/007032
bufr4/3/02/085/22/004025,bufr4/3/02/085/20/007033
bufr4/3/02/085/23/011001,bufr4/3/02/085/21/008021
bufr4/3/02/085/24/011002,bufr4/3/02/085/22/004025
bufr4/3/02/085/25/008021,bufr4/3/02/085/23/011001
bufr4/3/02/085/26/103003,bufr4/3/02/085/24/011002
bufr4/3/02/085/27/004025,bufr4/3/02/085/25/008021
bufr4/3/02/085/28/011043,bufr4/3/02/085/26/103003
bufr4/3/02/085/29/011041,bufr4/3/02/085/27/004025
bufr4/3/02/085/30/004025,bufr4/3/02/085/28/011043
bufr4/3/02/085/31/011016,bufr4/3/02/085/29/011041
bufr4/3/02/085/32/011017,bufr4/3/02/085/30/004025
bufr4/3/02/085/33/302077,bufr4/3/02/085/31/011016
bufr4/3/02/085/34/007033,bufr4/3/02/085/32/011017
bufr4/3/02/085/35/302041,bufr4/3/02/085/33/302077
bufr4/3/02/085/36/106000,bufr4/3/02/085/34/007033
bufr4/3/02/085/37/031000,bufr4/3/02/085/35/302041
bufr4/3/02/085/38/007032,bufr4/3/02/085/36/106000
bufr4/3/02/085/39/002175,bufr4/3/02/085/37/031000
bufr4/3/02/085/40/002178,bufr4/3/02/085/38/007032
bufr4/3/02/085/41/102005,bufr4/3/02/085/39/002175
bufr4/3/02/085/42/004024,bufr4/3/02/085/40/002178
bufr4/3/02/085/43/013011,bufr4/3/02/085/41/102005
bufr4/3/02/085/44/007032,bufr4/3/02/085/42/004024
bufr4/3/02/085/45/103000,bufr4/3/02/085/43/013011
bufr4/3/02/085/46/031000,bufr4/3/02/085/44/007032
bufr4/3/02/085/47/002185,bufr4/3/02/085/45/103000
bufr4/3/02/085/48/101002,bufr4/3/02/085/46/031000
bufr4/3/02/085/49/302044,bufr4/3/02/085/47/002185
bufr4/3/02/085/50/102000,bufr4/3/02/085/48/101002
bufr4/3/02/085/51/031000,bufr4/3/02/085/49/302044
bufr4/3/02/085/52/101002,bufr4/3/02/085/50/102000
bufr4/3/02/085/53/302039,bufr4/3/02/085/51/031000
bufr4/3/02/085/54/102000,bufr4/3/02/085/52/101002
bufr4/3/02/085/55/031000,bufr4/3/02/085/53/302039
bufr4/3/02/085/56/101002,bufr4/3/02/085/54/102000
bufr4/3/02/085/57/302045,bufr4/3/02/085/55/031000
bufr4/3/02/085/58/101000,bufr4/3/02/085/56/101002
bufr4/3/02/085/59/031000,bufr4/3/02/085/57/302045
bufr4/3/02/085/60/302046,bufr4/3/02/085/58/101000
bufr4/3/02/085/61/101000,bufr4/3/02/085/59/031000
bufr4/3/02/085/62/031000,bufr4/3/02/085/60/302046
bufr4/3/02/085/63/302083,bufr4/3/02/085/61/101000
bufr4/3/02/089/1/020101,bufr4/3/02/085/62/031000
bufr4/3/02/089/2/020102,bufr4/3/02/085/63/302083
bufr4/3/02/089/3/020103,bufr4/3/02/089/1/020101
bufr4/3/02/089/4/020104,bufr4/3/02/089/2/020102
bufr4/3/02/089/5/020105,bufr4/3/02/089/3/020103
bufr4/3/02/089/6/020106,bufr4/3/02/089/4/020104
bufr4/3/02/089/7/020107,bufr4/3/02/089/5/020105
bufr4/3/02/089/8/020108,bufr4/3/02/089/6/020106
bufr4/3/02/090/1/002038,bufr4/3/02/089/7/020107
bufr4/3/02/090/2/007063,bufr4/3/02/089/8/020108
bufr4/3/02/090/3/022045,bufr4/3/02/090/1/002038
bufr4/3/02/091/1/020001,bufr4/3/02/090/2/007063
bufr4/3/02/091/2/004024,bufr4/3/02/090/3/022045
bufr4/3/02/091/3/013011,bufr4/3/02/091/1/020001
bufr4/3/02/092/1/011104,bufr4/3/02/091/2/004024
bufr4/3/02/092/2/001012,bufr4/3/02/091/3/013011
bufr4/3/02/092/3/001013,bufr4/3/02/092/1/011104
bufr4/3/02/092/4/010038,bufr4/3/02/092/2/001012
bufr4/3/02/092/5/010039,bufr4/3/02/092/3/001013
bufr4/3/02/092/6/011007,bufr4/3/02/092/4/010038
bufr4/3/02/092/7/011008,bufr4/3/02/092/5/010039
bufr4/3/02/093/1/007032,bufr4/3/02/092/6/011007
bufr4/3/02/093/2/007033,bufr4/3/02/092/7/011008
bufr4/3/02/093/3/303099,bufr4/3/02/093/1/007032
bufr4/3/02/093/4/012101,bufr4/3/02/093/2/007033
bufr4/3/02/093/5/103000,bufr4/3/02/093/3/303099
bufr4/3/02/093/6/031000,bufr4/3/02/093/4/012101
bufr4/3/02/093/7/007032,bufr4/3/02/093/5/103000
bufr4/3/02/093/8/007033,bufr4/3/02/093/6/031000
bufr4/3/02/093/9/303099,bufr4/3/02/093/7/007032
bufr4/3/02/093/10/002039,bufr4/3/02/093/8/007033
bufr4/3/02/093/11/002097,bufr4/3/02/093/9/303099
bufr4/3/02/093/12/003024,bufr4/3/02/093/10/002039
bufr4/3/02/093/13/003021,bufr4/3/02/093/11/002097
bufr4/3/02/093/14/012102,bufr4/3/02/093/12/003024
bufr4/3/02/093/15/012103,bufr4/3/02/093/13/003021
bufr4/3/02/093/16/013003,bufr4/3/02/093/14/012102
bufr4/3/02/093/17/007032,bufr4/3/02/093/15/012103
bufr4/3/02/093/18/007033,bufr4/3/02/093/16/013003
bufr4/3/02/093/19/303099,bufr4/3/02/093/17/007032
bufr4/3/02/093/20/002039,bufr4/3/02/093/18/007033
bufr4/3/02/093/21/002097,bufr4/3/02/093/19/303099
bufr4/3/02/093/22/003021,bufr4/3/02/093/20/002039
bufr4/3/02/093/23/003024,bufr4/3/02/093/21/002097
bufr4/3/02/175/1/008021,bufr4/3/02/093/22/003021
bufr4/3/02/175/2/004025,bufr4/3/02/093/23/003024
bufr4/3/02/175/3/013155,bufr4/3/02/175/1/008021
bufr4/3/02/175/4/013058,bufr4/3/02/175/2/004025
bufr4/3/02/175/5/008021,bufr4/3/02/175/3/013155
,bufr4/3/02/175/4/013058
,bufr4/3/02/175/5/008021
