noteID,note_es,translated_by
1,"“Mal tiempo” se refiere a las condiciones generales que reinan durante las precipitaciones e instantes antes o después de ellas.",Original
2,"Los términos “despejado” y “cubierto” se cifran con 0 y 8, respectivamente.",Original
3,"La “media de conjunto” indica que se han promediado una serie de valores distintos correspondientes a una serie de localizaciones temporales.",Original
4,"El “promedio de tiempo” indica que los valores se promedian de manera permanente a lo largo de un período de tiempo.",Original
5,"(0 is good, 1 is bad)",Original
6,(See Common Code table C-1 in Part C/c.),Original
7,(See Common Code table C-2 in Part C/c.),Original
8,(See Common Code table C-3),Original
9,(See Common Code table C-4),Original
10,(See Common Code table C-5 Part C/c.),Original
11,(See Common Code table C-7 in Part C/c.),Original
12,(See Common Code table C-8 in Part C/c.),Original
13,(See Common Code table C-14 Part C/c.),Original
14,(To be defined by centres themselves - See Common Code table C-12 in Part C/c.),Original
15,(To be developed),Original
16,"A consecutive sequence of 2 or more of location coordinates, such as latitude and longitude pairs,defines a line or polygon. Points shall be joined in the order given in the message. Any area described will fall left of the drawn boundary in the direction established by the order of the points given in the message. This definition is for simple non-intersecting polygons without holes.",Original
17,All bits off implies a good calibration.,Original
18,All first-order statistics are in the units defined by the original data descriptors.,Original
19,Associated field significance shall be used initially in conjunction with the quality of observed data.,Original
20,La calidad mala se define actualmente como un ángulo de balanceo superior a 5 grados con relación a la vertical.,Original
21,"Beginning with the first bit position (high order bit), if the bit position is set to one, then the channel is used. If the bit position is set to zero, then the channel is not used.",Original
22,Bit flags denoting the elements included in processing sounding data.,Original
23,"Bit flags denoting the instrument and/or channels used in obtaining various physical parameters. If, in any grouping of parameters, all bits = 0, then no retrieval was made for that parameter or set of parameters.",Original
24,Bits 1-4 represent time problem code. All bits off implies the scan time is as expected.,Original
25,Bits 11-17 represent Earth location problem code. All bits set to zero implies the Earth location was normal.,Original
26,"Los bits 2 a 21 se utilizan para la sonda HIRS, pero solamente se emplean los bits 2 a 16 para la sonda AMSU-A y los bits 2 a 6 para la sonda AMSU-B.",Original
27,"Bits 5-10 represent calibration problem code. All bits set to zero indicated normal calibration. Where any of bits 5, 7, 10 are set, secondary calibration coefficients have been used.",Original
28,"Por trayecto despejado se entiende que el sondeo se ha realizado a partir de radiancias claras obtenidas de mediciones reales en puntos despejados. Se han aplicado datos HIRS troposféricos y estratosféricos, así como datos MSU y SSU.",Original
29,Por sondeo en cielo despejado se entiende que el sondeo ha sido generado a partir de un conjunto de valores de radiancias en cielo despejado utilizando todos los valores de radiancia de la sonda.,Original
30,"Por trayecto nuboso se entiende que el sondeo se ha realizado únicamente a partir de datos HIRS stratosféricos, y datos MSU y SSU. No se han aplicado datos HIRS troposféricos a causa de nubosidad",Original
31,Por sondeo en cielo nuboso se entiende que no fue posible identificar un número suficiente de valores de radiancias en cielo despejado en el área de sondeo. El sondeo se calcula a partir de la cima de las nubes (presión de las nubes mayor o igual a 780 hPa).,Original
32,Code figures 1-9: Duration and time of current measurement (vector or Doppler current profiling method).,Original
33,Code figures 11-19: Period of current measurement (drift method).,Original
34,"Code figures for generic precipitation (code figures 140-148) are arranged in order of increasing complexity. For example, a very simple station that can sense only the presence or absence of precipitation would use code figure 140 (precipitation). At the next level, an automatic station capable of sensing amount but not type would use code figure 141 or 142. An automatic station capable of sensing gross type (liquid, solid, freezing) and amount would use code figures 143-148. An automatic station capable of reporting actual types of precipitation (e.g. drizzle rain), but not the amount, would use the appropriate whole decile number (e.g. 150 for generic drizzle, 160 for generic rain).",Original
35,Descriptor 0 25 009 is deprecated. 0 25 029 should be used instead.,Original
36,"Difference statistics are difference values; they have dimensions the same as the corresponding reported values with respect to units, but assume a range centred on zero (e.g., the difference between reported and analysed values, the difference between reported and forecast values).",Original
37,"DIODE son las siglas de ""détermination immédiate d'orbite par DORIS embarqué"" (determinación inmediata de órbita mediante DORIS instalado a bordo). Es una de las funciones del instrumento DORIS, que calcula la posición y velocidad del satélite.",Original
38,Los apartados 1 y 2 no deberían utilizarse.,Original
39,"El EPSG es un conjunto de datos de sistemas de coordenadas y transformaciones de sistemas de coordenadas, elaborado y mantenido inicialmente por el Grupo Europeo de Encuestas sobre el Petróleo (EPSG). En la actualidad lo mantiene el Subcomité de Geodesia de la International Association of Oil and Gas Producers Geomatics Committee.", Original
40,"Para utilizar la cifra de clave 15, véase la Regla 12.1.4.",Original
41,"El nivel de congelación es el nivel en el que la temperatura desciende primero hasta 0 °C. Los criterios para seleccionar el nivel de congelación en las observaciones en altitud son: a) Si la temperatura en superficie no es inferior a 0 °C cuando se libera la radiosonda, se seleccionará como  nivel de congelación el nivel más bajo al que la temperatura desciende primero hasta 0 °C. b) Si la temperatura en superficie es igual a 0 °C, la temperatura en superficie será el nivel de congelación. c) Si no existe un nivel en el que la temperatura sea exactamente igual a 0 °C en la observación, se utilizarán los dos niveles más cercanos con una temperatura que oscile entre valores positivos y negativos para interpolar el nivel de congelación cuya temperatura sea igual a 0 °C. d) Se calcularán los siguientes elementos para el nivel de congelación: tiempo, elevación, presión, humedad, temperatura del punto de rocío, depresión del punto de rocío, desviación de longitud y latitud.",Original
42,Further applications may be developed.,Original
43,"Generic terms for weather (e.g. fog, drizzle) are intended for use at automatic stations capable of determining types of weather but no other information. Generic terms are included in the code table using all capital letters.",Original
44,Guía de Instrumentos y Métodos de Observación Meteorológicos.,Original
45,H = Time of observation.,Original
46,"'Hail' refers to hail, small hail or snow pellets.",Original
47,"HIRS* equivale a : canales HIRS 1 (669 cm–1) 2 (679 cm–1) 3 (690 cm–1) 4 (2 358 cm–1)",Original
48,"Si 0 08 082 = 1, el nivel estándar viene indicado por el descriptor de Clase 07, que aparece inmediatamente a continuación. Es posible indicar la altura real del sensor precediendo el descriptor por el correspondiente descriptor de Clase 07.",Original
49,If bit is set to 1 then statement is true.,Original
50,In all instances the highest code figures applicable are to be reported.,Original
51,"Coincidiendo con la observación de trombas marinas o nubes con forma de embudo, en decir, a 3 km como máximo de la estación.",Original
52,"In reports from automatic stations, code figure 2 shall be used when tendency is positive, 7 when negative, and 4 when pressure is the same as three hours before.",Original
53,"In reports from tropical stations reporting 24-hour pressure changes, code figure 2 shall be used when tendency is positive, 7 when negative, and 4 when pressure is the same as 24 hours before.",Original
54,"In the above code table, whenever reference is made to ice, it also includes solid precipitation other than snow.",Original
55,"En el caso de que la intensidad de la lluvia impida ver las nubes, el observador deberá utilizar las cifras 5 u 8. Utilizará la cifra 5 si la lluvia está localizada o es de breve duración; utilizará la cifra 8 si la lluvia es generalizada o dura largos períodos.",Original
56,"Las aguas interiores comprenden ríos, lagos, humedales y pantanos.",Original
57,Mixed precipitation is indicated by setting to one the bits of all the observed single types of precipitation.,Original
58,MMCC is Mission Management Control Centre.,Original
59,New local names for storm of various strengths shall be added as necessary.,Original
60,None of the code figures exclude the addition of interpolated levels at the discretion of the generating centre.,Original
61,"O el cielo (si el sol está bajo), o la luna o las estrellas de noche.",Original
62,"Por trayecto parcialmente nuboso se entiende que el sondeo se ha llevado a cabo a partir de radiancias claras que se han calculado en puntos parcialmente nubosos. Se han aplicado datos HIRS, troposféricos y estratosféricos, así como datos MSU y SSU.",Original
63,"En esta tabla de banderines se entiende por fenómeno cualquier tipo de fenómeno, incluidos la precipitación y el oscurecimiento.",Original
64,PRF is pulse repetition frequency.,Original
65,El tipo de proyección 4 indica una retícula cartesiana situada directamente en el cono de exploración definido por el barrido azimutal del radar.,Original
67,"La calibración radiométrica es inválida si no se realiza o si se realiza con datos de calibración inválidos (por ejemplo, cuando el tamaño de la ventana de espacio lejano es igual a 0).",Original
68,"La calidad del registro de datos científicos es inválida si falla el reajuste del bit (véase el bit 12) o si se detectan errores en el cálculo de franjas (véase el bit 11), datos inválidos en el registro de datos en bruto (véase el bit 10), calibraciones radiométricas inválidas (véase el bit 5) o calibraciones espectrales inválidas (véase el bit 7).",Original
69,Se fija en 0 si es de día (ángulo cenital solar < 90°). Se fija en 1 si es de noche (ángulo cenital solar ≥90°).,Original
70,"Se fija en 0 si no se detecta ningún error en el cálculo de franjas (véase el bit 11) o si se detecta un error de cálculo pero no se corrige.",Original
71,Se fija en 1 si al menos un espectro de la media móvil para el espacio lejano se considera no válido debido a una interferencia lunar.,Original
72,"Se fija en 1 si el cálculo de la longitud de onda del láser es inválido debido a un error sistemático del diodo láser y/o a que las mediciones de temperatura del diodo láser no se ajustan a los intervalos permitidos que se han predeterminado. Estos intervalos son ajustables. En este caso, se utilizará 1 bit por barrido para el cálculo lamda.",Original
73,"La calibración espectral es inválida si se detecta y corrige el error en el cálculo de franjas (véase el bit 8), si la calibración de neón es dudosa y el cálculo lamda no puede actualizarse (véanse los """"Banderines de calidad del nivel de exploración"""" (0 33 075) - bit 3).",Original
74,The code figure 21 may be used within corrected messages with the substituted/corrected values identified.,Original
75,"The definitions in code numbers 0 to 2 and 4 apply to representative bare ground and numbers 3, 5 to 9 and 10 to 19 to an open representative area.",Original
76,"The exact bounding height shall be assigned for the lower code figure; e.g., a height of 4 m is coded as 5.",Original
77,"The expression 'at the station' refers to a land station or a ship.",Original
78,The first three digits represent the ISO country code.,Original
79,The last column in the table contains the associated registry number from the Chemical Abstracts Service (CAS) of the American Chemical Society.,Original
80,The middle portion of this code table (code figures 100-199) includes terms on several levels to cover simple and increasingly complex automatic stations.,Original
81,"The nominal range for the surface soil moisture is 0% - 100%. In extreme cases, the extrapolated backscatter at 40 degrees incidence angle may exceed the dry or the wet backscatter reference. In these cases, the value provided by the measurement process of surface soil moisture is, respectively,less than 0% or more than 100%.",Original
82,"La descripción del tiempo con las cifras de clave 10 a 19, va haciéndose progresivamente más para dar cabida a los diferentes niveles de capacidad de discriminación del tiempo de las diversas estaciones automáticas. Las estaciones que poseen únicamente capacidad básica de observación pueden utilizar las cifras de clave de número inferior y descripciones genéricas básicas (indicadas en letras mayúsculas). Las estaciones que poseen una capacidad de discriminación progresivamente más grande utilizarán las descripciones más detalladas (cifras de clave más altas).",Original
83,"Estas temperaturas se utilizan para calcular la contribución “ambiental"""" a las radiancias del blanco de calibración interna. Cuando este bit se fija en 1, las temperaturas inválidas se reemplazan por los valores de temperatura validados del blanco de calibración interna.",Original
84,"These values refer to well-developed wind waves of the open sea. While priority shall be given to the descriptive terms, these height values may be used for guidance by the observer when reporting the total state of agitation of the sea resulting from various factors such as wind, swell, currents, angle between swell and wind, etc.",Original
85,"This descriptor will be associated with visibility data or height of clouds data to specify if the value is bounded. If the reported data is the true value, the code figure is 0. However, the measurement can hit the limit of the instrument measurement capability. If the reported value is higher than the true value, the codefigure is 1; if the reported value is lower than the true value, the code figure is 2.",Original
86,"Este banderín indica que no se ha detectado un número significativo de franjas, desplazando la diferencia de trayecto cero (ZPD) del interferograma fuera de una ventana controlada por el instrumento, y que el interferograma queda excluido del procesamiento del registro de datos científicos.",Original
87,Este banderín indica que el instrumento presenta errores de funcionamiento y que el/los interferograma(s) asociado(s) queda (n) excluido(s) del procesamiento del registro de datos científicos.,Original
88,Time significance must be qualified by appropriate time periods being specified.,Original
89,'Funnel cloud(s)' refer to tornado clouds or waterspouts.,Original
90,Type of instrumentation and original units for wind measurement (measured in m s–1 unless otherwise indicated).,Original
91,Valor relegado. Utilícese en su lugar la cifra de clave 6.,Original
92,"Cuando la cifra de clave 4 se usa para especificar un sistema de coordenadas de referencia adaptado, el dato elipsoide será un elipsoide de revolución oblato, en el que el eje mayor es uniplanar con el plano ecuatorial y el eje menor atraviesa el meridiano principal hacia el polo principal. El Norte corresponde a la dirección desde el ecuador hacia el polo principal. El Este corresponde a la dirección en sentido antihorario desde el meridiano principal visto desde el Polo Norte. En este caso se deben especificar los semiejes mayor y menor (por ejemplo, mediante los descriptores 0 01 152 y 0 01 153).",Original
93,"Where observed minus forecast values are represented, the period of the forecast shall be indicated by an appropriate descriptor from Class 04.",Original
94,"Where the original reporting method is as indicated by code figure 1, the following conversion is recommended to obtain a suitable data value corresponding to descriptor 0 01 012:Reported value Data value0 01 452 903 1354 1805 2256 2707 3158 3609 511",Original
95,"Where the original reporting method is as indicated by code figure 1, the following conversion is recommended to obtain a suitable data value corresponding to descriptor 0 01 013:Reported value Data value 0 01 12 43 74 95 126 147 178 199 21/ 1023",Original
96,"Coincidiendo con la observación de trombas marinas o nubes con forma de embudo, en decir, a más de 3 km de la estación.",Original
97,"The letters a, b, c, d and e generically represent the weight associated with the respective temperature T. The sub-index of T: 1, 2, 3, x and n represent the values measured at different times or maximum (x) or minimum (n) values.",Original
98,"Code figures 1 - 24 are siting classifications and measurement quality classifications according to the Guide to Instruments and Methods of Observation (WMO-No. 8), Volume I, Chapter 1, Annex 1.D and Annex 1.G.",Original
99,"Code figures 26 - 30 are siting classifications according to the Guide to Instruments and Methods of Observation (WMO-No. 8), Volume I, Chapter 1, Annex 1.D.",Original
100,"Code figures 31 - 34 are measurement quality classifications according to the Guide to Instruments and Methods of Observation (WMO-No. 8), Volume I, Chapter 1, Annex 1.G.",Original
101,"Annex 1.G is a new annex that will be part of an updated version of WMO-No. 8 to be published in mid-2022.",Original
102,"For determining combined standard uncertainty see the Evaluation of Measurement Data - Guide to the Expression of Uncertainty in Measurement [JCGM 100:2008] from BIPM.",Original
